inquiry_id,received_at,completed_at,operator_id,operator_name,channel,inquiry_text,category,resolution,escalation,source_file,response_minutes,is_resolved,is_escalated
INQ-00001,2024-01-03 15:39,2024-01-03 16:39,OP-05,伊藤,メール,荷物が届かない,配送・到着,解決済,0,01_問い合わせログ_A_202401.csv,60,1,0
INQ-00002,2024-01-14 09:41,2024-01-14 09:47,OP-02,鈴木,電話,配送業者に問い合わせたい,配送・到着,解決済,0,01_問い合わせログ_A_202401.csv,6,1,0
INQ-00003,2024-01-17 17:44,2024-01-17 18:09,OP-04,高橋,電話,支払い方法を変更したい,請求・支払い,解決済,0,01_問い合わせログ_A_202401.csv,25,1,0
INQ-00004,2024-01-24 13:07,2024-01-24 13:23,OP-07,山本,チャット,チュートリアルが必要,その他,解決済,0,01_問い合わせログ_A_202401.csv,16,1,0
INQ-00005,2024-01-16 12:10,2024-01-16 12:44,OP-03,佐藤,チャット,返品したい,返品・交換,対応中,0,01_問い合わせログ_A_202401.csv,34,0,0
INQ-00006,2024-01-29 12:49,2024-01-29 13:37,OP-06,渡辺,SNS,エラーが出て動かない,製品不具合,解決済,0,01_問い合わせログ_A_202401.csv,48,1,0
INQ-00007,2024-01-14 11:05,2024-01-14 11:20,OP-05,伊藤,SNS,料金が間違っている,請求・支払い,対応中,0,01_問い合わせログ_A_202401.csv,15,0,0
INQ-00008,2024-01-18 16:49,2024-01-18 17:20,OP-02,鈴木,チャット,how to use,使い方・操作方法,解決済,0,01_問い合わせログ_A_202401.csv,31,1,0
INQ-00009,2024-01-06 15:42,2024-01-06 17:10,OP-01,田中,チャット,使い方を教えてほしい,使い方・操作方法,解決済,0,01_問い合わせログ_A_202401.csv,88,1,0
INQ-00010,2024-01-11 13:53,2024-01-11 14:16,OP-02,鈴木,SNS,その他の問い合わせ,その他,解決済,0,01_問い合わせログ_A_202401.csv,23,1,0
INQ-00011,2024-01-24 10:21,2024-01-24 11:05,OP-03,佐藤,メール,追跡番号を教えて,配送・到着,解決済,0,01_問い合わせログ_A_202401.csv,44,1,0
INQ-00012,2024-01-15 13:09,2024-01-15 13:55,OP-03,佐藤,メール,荷物が届かない,配送・到着,解決済,0,01_問い合わせログ_A_202401.csv,46,1,0
INQ-00013,2024-01-29 15:21,2024-01-29 15:42,OP-05,伊藤,メール,課金について質問,請求・支払い,エスカレ済,1,01_問い合わせログ_A_202401.csv,21,0,1
INQ-00014,2024-01-30 17:22,2024-01-30 18:16,OP-04,高橋,チャット,荷物が届かない,配送・到着,対応中,0,01_問い合わせログ_A_202401.csv,54,0,0
INQ-00015,2024-01-25 10:27,2024-01-25 10:43,OP-04,高橋,チャット,製品が壊れた,製品不具合,エスカレ済,1,01_問い合わせログ_A_202401.csv,16,0,1
INQ-00016,2024-01-05 11:13,2024-01-05 12:08,OP-07,山本,SNS,不具合が発生した,製品不具合,エスカレ済,1,01_問い合わせログ_A_202401.csv,55,0,1
INQ-00017,2024-01-30 12:09,2024-01-30 12:21,OP-04,高橋,チャット,支払い方法を変更したい,請求・支払い,対応中,0,01_問い合わせログ_A_202401.csv,12,0,0
INQ-00018,2024-01-26 09:18,2024-01-26 09:37,OP-07,山本,メール,到着予定日を確認したい,配送・到着,解決済,0,01_問い合わせログ_A_202401.csv,19,1,0
INQ-00019,2024-01-14 16:50,2024-01-14 17:29,OP-01,田中,メール,使い方を教えてほしい,使い方・操作方法,対応中,0,01_問い合わせログ_A_202401.csv,39,0,0
INQ-00020,2024-01-13 11:40,2024-01-13 12:19,OP-02,鈴木,SNS,how to use,使い方・操作方法,解決済,0,01_問い合わせログ_A_202401.csv,39,1,0
INQ-00021,2024-01-26 10:48,2024-01-26 11:29,OP-01,田中,電話,チュートリアルが必要,その他,解決済,0,01_問い合わせログ_A_202401.csv,41,1,0
INQ-00022,2024-01-01 16:39,2024-01-01 16:49,OP-05,伊藤,チャット,配送業者に問い合わせたい,配送・到着,対応中,0,01_問い合わせログ_A_202401.csv,10,0,0
INQ-00023,2024-01-09 16:33,2024-01-09 16:52,OP-03,佐藤,チャット,課金について質問,請求・支払い,解決済,0,01_問い合わせログ_A_202401.csv,19,1,0
INQ-00024,2024-01-15 09:08,2024-01-15 10:57,OP-02,鈴木,チャット,その他の問い合わせ,その他,対応中,0,01_問い合わせログ_A_202401.csv,109,0,0
INQ-00025,2024-01-14 15:39,2024-01-14 15:47,OP-04,高橋,メール,exchange request,返品・交換,解決済,0,01_問い合わせログ_A_202401.csv,8,1,0
INQ-00026,2024-01-15 09:45,2024-01-15 10:22,OP-01,田中,SNS,チュートリアルが必要,その他,解決済,0,01_問い合わせログ_A_202401.csv,37,1,0
INQ-00027,2024-01-18 13:05,2024-01-18 14:07,OP-05,伊藤,メール,料金が間違っている,請求・支払い,解決済,0,01_問い合わせログ_A_202401.csv,62,1,0
INQ-00028,2024-01-18 14:01,2024-01-18 14:23,OP-02,鈴木,電話,返品したい,返品・交換,対応中,0,01_問い合わせログ_A_202401.csv,22,0,0
INQ-00029,2024-01-31 10:16,2024-01-31 10:27,OP-03,佐藤,SNS,その他,その他,解決済,0,01_問い合わせログ_A_202401.csv,11,1,0
INQ-00030,2024-01-13 09:14,2024-01-13 09:29,OP-05,伊藤,SNS,その他の問い合わせ,その他,解決済,0,01_問い合わせログ_A_202401.csv,15,1,0
INQ-00031,2024-01-27 11:55,2024-01-27 12:52,OP-04,高橋,SNS,その他,その他,解決済,0,01_問い合わせログ_A_202401.csv,57,1,0
INQ-00032,2024-01-10 10:33,2024-01-10 11:10,OP-08,中村,SNS,詳細を確認したい,その他,対応中,0,01_問い合わせログ_A_202401.csv,37,0,0
INQ-00033,2024-01-31 14:24,2024-01-31 15:11,OP-02,鈴木,メール,支払い方法を変更したい,請求・支払い,解決済,0,01_問い合わせログ_A_202401.csv,47,1,0
INQ-00034,2024-01-13 11:10,2024-01-13 11:34,OP-02,鈴木,電話,使い方を教えてほしい,使い方・操作方法,解決済,0,01_問い合わせログ_A_202401.csv,24,1,0
INQ-00035,2024-01-04 09:46,2024-01-04 10:34,OP-06,渡辺,メール,製品が壊れた,製品不具合,解決済,0,01_問い合わせログ_A_202401.csv,48,1,0
INQ-00036,2024-01-23 15:09,2024-01-23 15:42,OP-04,高橋,SNS,不具合が発生した,製品不具合,対応中,0,01_問い合わせログ_A_202401.csv,33,0,0
INQ-00037,2024-01-30 10:29,2024-01-30 11:25,OP-07,山本,電話,不具合が発生した,製品不具合,解決済,0,01_問い合わせログ_A_202401.csv,56,1,0
INQ-00038,2024-01-22 10:22,2024-01-22 10:45,OP-07,山本,電話,追跡番号を教えて,配送・到着,解決済,0,01_問い合わせログ_A_202401.csv,23,1,0
INQ-00039,2024-01-22 14:36,2024-01-22 14:46,OP-01,田中,チャット,荷物が届かない,配送・到着,解決済,0,01_問い合わせログ_A_202401.csv,10,1,0
INQ-00040,2024-01-12 12:07,2024-01-12 12:21,OP-04,高橋,SNS,返品したい,返品・交換,解決済,0,01_問い合わせログ_A_202401.csv,14,1,0
INQ-00041,2024-01-12 17:29,2024-01-12 17:53,OP-05,伊藤,電話,支払い方法を変更したい,請求・支払い,解決済,0,01_問い合わせログ_A_202401.csv,24,1,0
INQ-00042,2024-01-22 15:58,2024-01-22 16:22,OP-02,鈴木,電話,バグがある,製品不具合,解決済,0,01_問い合わせログ_A_202401.csv,24,1,0
INQ-00043,2024-01-09 15:47,2024-01-09 16:15,OP-03,佐藤,SNS,その他の問い合わせ,その他,解決済,0,01_問い合わせログ_A_202401.csv,28,1,0
INQ-00044,2024-01-14 09:05,2024-01-14 09:30,OP-01,田中,電話,不具合が発生した,製品不具合,解決済,0,01_問い合わせログ_A_202401.csv,25,1,0
INQ-00045,2024-01-04 13:42,2024-01-04 14:28,OP-08,中村,SNS,詳細を確認したい,その他,解決済,0,01_問い合わせログ_A_202401.csv,46,1,0
INQ-00046,2024-01-07 16:34,2024-01-07 16:54,OP-04,高橋,電話,料金が間違っている,請求・支払い,エスカレ済,1,01_問い合わせログ_A_202401.csv,20,0,1
INQ-00047,2024-01-15 16:01,2024-01-15 16:22,OP-01,田中,メール,荷物が届かない,配送・到着,解決済,0,01_問い合わせログ_A_202401.csv,21,1,0
INQ-00048,2024-01-24 14:25,2024-01-24 14:58,OP-02,鈴木,電話,二重請求があった,請求・支払い,未解決,0,01_問い合わせログ_A_202401.csv,33,0,0
INQ-00049,2024-01-05 14:05,2024-01-05 14:19,OP-07,山本,メール,操作方法がわからない,使い方・操作方法,解決済,0,01_問い合わせログ_A_202401.csv,14,1,0
INQ-00050,2024-01-21 15:24,2024-01-21 16:03,OP-02,鈴木,チャット,使い方を教えてほしい,使い方・操作方法,解決済,0,01_問い合わせログ_A_202401.csv,39,1,0
INQ-00051,2024-01-06 13:11,2024-01-06 13:55,OP-06,渡辺,SNS,その他の問い合わせ,その他,解決済,0,01_問い合わせログ_A_202401.csv,44,1,0
INQ-00052,2024-01-11 15:06,2024-01-11 15:18,OP-08,中村,電話,料金が間違っている,請求・支払い,解決済,0,01_問い合わせログ_A_202401.csv,12,1,0
INQ-00053,2024-01-25 10:17,2024-01-25 10:41,OP-02,鈴木,メール,二重請求があった,請求・支払い,解決済,0,01_問い合わせログ_A_202401.csv,24,1,0
INQ-00054,2024-01-29 13:20,2024-01-29 14:15,OP-06,渡辺,メール,操作方法がわからない,使い方・操作方法,対応中,0,01_問い合わせログ_A_202401.csv,55,0,0
INQ-00055,2024-01-10 09:09,2024-01-10 09:23,OP-08,中村,チャット,エラーが出て動かない,製品不具合,エスカレ済,1,01_問い合わせログ_A_202401.csv,14,0,1
INQ-00056,2024-01-30 13:46,2024-01-30 14:50,OP-01,田中,チャット,チュートリアルが必要,その他,解決済,0,01_問い合わせログ_A_202401.csv,64,1,0
INQ-00057,2024-01-09 13:40,2024-01-09 14:26,OP-03,佐藤,電話,一般的な質問,その他,解決済,0,01_問い合わせログ_A_202401.csv,46,1,0
INQ-00058,2024-01-16 10:34,2024-01-16 10:40,OP-05,伊藤,メール,配送が遅延している,配送・到着,解決済,0,01_問い合わせログ_A_202401.csv,6,1,0
INQ-00059,2024-01-26 11:57,2024-01-26 12:20,OP-05,伊藤,チャット,配送が遅延している,配送・到着,解決済,0,01_問い合わせログ_A_202401.csv,23,1,0
INQ-00060,2024-01-11 16:26,2024-01-11 16:55,OP-02,鈴木,チャット,一般的な質問,その他,解決済,0,01_問い合わせログ_A_202401.csv,29,1,0
INQ-00061,2024-01-12 16:00,2024-01-12 16:29,OP-03,佐藤,チャット,料金が間違っている,請求・支払い,解決済,0,01_問い合わせログ_A_202401.csv,29,1,0
INQ-00062,2024-01-28 11:33,2024-01-28 11:41,OP-07,山本,電話,課金について質問,請求・支払い,解決済,0,01_問い合わせログ_A_202401.csv,8,1,0
INQ-00063,2024-01-21 15:07,2024-01-21 15:48,OP-01,田中,メール,支払い方法を変更したい,請求・支払い,対応中,0,01_問い合わせログ_A_202401.csv,41,0,0
INQ-00064,2024-01-09 15:43,2024-01-09 16:19,OP-05,伊藤,電話,製品が壊れた,製品不具合,解決済,0,01_問い合わせログ_A_202401.csv,36,1,0
INQ-00065,2024-01-10 09:36,2024-01-10 09:48,OP-04,高橋,チャット,交換をお願いしたい,返品・交換,対応中,0,01_問い合わせログ_A_202401.csv,12,0,0
INQ-00066,2024-01-29 11:02,2024-01-29 11:20,OP-03,佐藤,メール,返金してほしい,返品・交換,エスカレ済,1,01_問い合わせログ_A_202401.csv,18,0,1
INQ-00067,2024-01-17 12:18,2024-01-17 13:22,OP-07,山本,チャット,交換をお願いしたい,返品・交換,解決済,0,01_問い合わせログ_A_202401.csv,64,1,0
INQ-00068,2024-01-26 17:19,2024-01-26 18:28,OP-04,高橋,電話,返金してほしい,返品・交換,解決済,0,01_問い合わせログ_A_202401.csv,69,1,0
INQ-00069,2024-01-20 11:37,2024-01-20 12:09,OP-08,中村,SNS,製品が壊れた,製品不具合,解決済,0,01_問い合わせログ_A_202401.csv,32,1,0
INQ-00070,2024-01-16 17:56,2024-01-16 18:43,OP-04,高橋,メール,エラーが出て動かない,製品不具合,解決済,0,01_問い合わせログ_A_202401.csv,47,1,0
INQ-00071,2024-01-17 09:17,2024-01-17 09:28,OP-02,鈴木,チャット,故障している,製品不具合,エスカレ済,1,01_問い合わせログ_A_202401.csv,11,0,1
INQ-00072,2024-01-14 10:53,2024-01-14 12:50,OP-07,山本,チャット,バグがある,製品不具合,対応中,0,01_問い合わせログ_A_202401.csv,117,0,0
INQ-00073,2024-01-27 17:13,2024-01-27 17:54,OP-05,伊藤,チャット,一般的な質問,その他,解決済,0,01_問い合わせログ_A_202401.csv,41,1,0
INQ-00074,2024-01-28 13:18,2024-01-28 13:57,OP-07,山本,チャット,二重請求があった,請求・支払い,解決済,0,01_問い合わせログ_A_202401.csv,39,1,0
INQ-00075,2024-01-11 14:24,2024-01-11 15:10,OP-02,鈴木,メール,バグがある,製品不具合,解決済,0,01_問い合わせログ_A_202401.csv,46,1,0
INQ-00076,2024-01-12 15:44,2024-01-12 16:22,OP-01,田中,メール,不具合が発生した,製品不具合,対応中,0,01_問い合わせログ_A_202401.csv,38,0,0
INQ-00077,2024-01-01 17:56,2024-01-01 20:00,OP-06,渡辺,電話,製品が壊れた,製品不具合,対応中,0,01_問い合わせログ_A_202401.csv,124,0,0
INQ-00078,2024-01-08 09:49,2024-01-08 10:17,OP-05,伊藤,チャット,追跡番号を教えて,配送・到着,対応中,0,01_問い合わせログ_A_202401.csv,28,0,0
INQ-00079,2024-01-24 10:22,2024-01-24 10:35,OP-03,佐藤,SNS,故障している,製品不具合,解決済,0,01_問い合わせログ_A_202401.csv,13,1,0
INQ-00080,2024-01-19 11:18,2024-01-19 12:13,OP-05,伊藤,電話,配送が遅延している,配送・到着,解決済,0,01_問い合わせログ_A_202401.csv,55,1,0
INQ-00081,2024-01-10 17:29,2024-01-10 17:58,OP-07,山本,チャット,エラーが出て動かない,製品不具合,未解決,0,01_問い合わせログ_A_202401.csv,29,0,0
INQ-00082,2024-01-16 17:00,2024-01-16 18:42,OP-04,高橋,メール,how to use,使い方・操作方法,解決済,0,01_問い合わせログ_A_202401.csv,102,1,0
INQ-00083,2024-01-09 10:01,2024-01-09 10:07,OP-06,渡辺,メール,追跡番号を教えて,配送・到着,解決済,0,01_問い合わせログ_A_202401.csv,6,1,0
INQ-00084,2024-01-22 11:30,2024-01-22 11:46,OP-04,高橋,電話,配送が遅延している,配送・到着,解決済,0,01_問い合わせログ_A_202401.csv,16,1,0
INQ-00085,2024-01-24 14:25,2024-01-24 14:50,OP-02,鈴木,メール,不具合が発生した,製品不具合,解決済,0,01_問い合わせログ_A_202401.csv,25,1,0
INQ-00086,2024-01-07 09:42,2024-01-07 09:53,OP-08,中村,メール,到着予定日を確認したい,配送・到着,解決済,0,01_問い合わせログ_A_202401.csv,11,1,0
INQ-00087,2024-01-26 10:26,2024-01-26 11:14,OP-02,鈴木,メール,荷物が届かない,配送・到着,対応中,0,01_問い合わせログ_A_202401.csv,48,0,0
INQ-00088,2024-01-04 09:23,2024-01-04 09:48,OP-08,中村,メール,二重請求があった,請求・支払い,解決済,0,01_問い合わせログ_A_202401.csv,25,1,0
INQ-00089,2024-01-05 13:30,2024-01-05 15:06,OP-08,中村,SNS,一般的な質問,その他,解決済,0,01_問い合わせログ_A_202401.csv,96,1,0
INQ-00090,2024-01-21 13:17,2024-01-21 13:35,OP-06,渡辺,SNS,配送業者に問い合わせたい,配送・到着,エスカレ済,1,01_問い合わせログ_A_202401.csv,18,0,1
INQ-00091,2024-01-16 09:35,2024-01-16 10:13,OP-07,山本,SNS,チュートリアルが必要,その他,解決済,0,01_問い合わせログ_A_202401.csv,38,1,0
INQ-00092,2024-01-18 16:06,2024-01-18 16:41,OP-08,中村,メール,返金してほしい,返品・交換,解決済,0,01_問い合わせログ_A_202401.csv,35,1,0
INQ-00093,2024-01-24 12:00,2024-01-24 14:28,OP-08,中村,チャット,キャンセルしたい,返品・交換,対応中,0,01_問い合わせログ_A_202401.csv,148,0,0
INQ-00094,2024-01-30 10:55,2024-01-30 11:21,OP-04,高橋,チャット,故障している,製品不具合,解決済,0,01_問い合わせログ_A_202401.csv,26,1,0
INQ-00095,2024-01-14 13:38,2024-01-14 14:20,OP-03,佐藤,SNS,返品したい,返品・交換,解決済,0,01_問い合わせログ_A_202401.csv,42,1,0
INQ-00096,2024-01-25 14:06,2024-01-25 14:24,OP-02,鈴木,チャット,配送が遅延している,配送・到着,解決済,0,01_問い合わせログ_A_202401.csv,18,1,0
INQ-00097,2024-01-08 16:27,2024-01-08 16:56,OP-01,田中,SNS,how to use,使い方・操作方法,解決済,0,01_問い合わせログ_A_202401.csv,29,1,0
INQ-00098,2024-01-08 15:36,2024-01-08 15:57,OP-01,田中,SNS,バグがある,製品不具合,エスカレ済,1,01_問い合わせログ_A_202401.csv,21,0,1
INQ-00099,2024-01-04 12:55,2024-01-04 13:25,OP-05,伊藤,SNS,設定のやり方,使い方・操作方法,解決済,0,01_問い合わせログ_A_202401.csv,30,1,0
INQ-00100,2024-01-14 17:52,2024-01-14 18:02,OP-04,高橋,チャット,チュートリアルが必要,その他,解決済,0,01_問い合わせログ_A_202401.csv,10,1,0
INQ-00101,2024-01-17 11:16,2024-01-17 11:29,OP-07,山本,SNS,製品が壊れた,製品不具合,解決済,0,01_問い合わせログ_A_202401.csv,13,1,0
INQ-00102,2024-01-08 16:48,2024-01-08 22:26,OP-03,佐藤,電話,到着予定日を確認したい,配送・到着,エスカレ済,1,01_問い合わせログ_A_202401.csv,338,0,1
INQ-00103,2024-01-28 09:28,2024-01-28 10:11,OP-01,田中,SNS,その他,その他,解決済,0,01_問い合わせログ_A_202401.csv,43,1,0
INQ-00104,2024-01-19 10:49,2024-01-19 11:04,OP-03,佐藤,SNS,課金について質問,請求・支払い,解決済,0,01_問い合わせログ_A_202401.csv,15,1,0
INQ-00105,2024-01-29 10:54,2024-01-29 11:40,OP-06,渡辺,SNS,不具合が発生した,製品不具合,解決済,0,01_問い合わせログ_A_202401.csv,46,1,0
INQ-00106,2024-01-29 10:17,2024-01-29 10:46,OP-05,伊藤,SNS,不具合が発生した,製品不具合,エスカレ済,1,01_問い合わせログ_A_202401.csv,29,0,1
INQ-00107,2024-01-15 10:32,2024-01-15 10:58,OP-01,田中,チャット,二重請求があった,請求・支払い,エスカレ済,1,01_問い合わせログ_A_202401.csv,26,0,1
INQ-00108,2024-01-01 10:10,2024-01-01 10:31,OP-01,田中,メール,製品が壊れた,製品不具合,未解決,0,01_問い合わせログ_A_202401.csv,21,0,0
INQ-00109,2024-01-14 14:30,2024-01-14 15:07,OP-03,佐藤,SNS,請求書の確認,請求・支払い,解決済,0,01_問い合わせログ_A_202401.csv,37,1,0
INQ-00110,2024-01-22 16:19,2024-01-22 16:53,OP-04,高橋,チャット,配送業者に問い合わせたい,配送・到着,解決済,0,01_問い合わせログ_A_202401.csv,34,1,0
INQ-00111,2024-01-23 16:47,2024-01-23 17:29,OP-02,鈴木,メール,配送が遅延している,配送・到着,対応中,0,01_問い合わせログ_A_202401.csv,42,0,0
INQ-00112,2024-01-27 13:10,2024-01-27 18:24,OP-01,田中,SNS,一般的な質問,その他,未解決,0,01_問い合わせログ_A_202401.csv,314,0,0
INQ-00113,2024-01-08 11:38,2024-01-08 12:23,OP-02,鈴木,メール,エラーが出て動かない,製品不具合,対応中,0,01_問い合わせログ_A_202401.csv,45,0,0
INQ-00114,2024-01-18 11:02,2024-01-18 11:15,OP-02,鈴木,電話,料金が間違っている,請求・支払い,対応中,0,01_問い合わせログ_A_202401.csv,13,0,0
INQ-00115,2024-01-03 16:06,2024-01-03 16:54,OP-06,渡辺,チャット,不具合が発生した,製品不具合,解決済,0,01_問い合わせログ_A_202401.csv,48,1,0
INQ-00116,2024-01-02 15:05,2024-01-02 16:14,OP-08,中村,チャット,課金について質問,請求・支払い,解決済,0,01_問い合わせログ_A_202401.csv,69,1,0
INQ-00117,2024-01-25 17:14,2024-01-25 17:36,OP-03,佐藤,チャット,到着予定日を確認したい,配送・到着,解決済,0,01_問い合わせログ_A_202401.csv,22,1,0
INQ-00118,2024-01-31 14:46,2024-01-31 15:20,OP-08,中村,チャット,チュートリアルが必要,その他,解決済,0,01_問い合わせログ_A_202401.csv,34,1,0
INQ-00119,2024-01-20 16:44,2024-01-20 17:11,OP-02,鈴木,SNS,エラーが出て動かない,製品不具合,解決済,0,01_問い合わせログ_A_202401.csv,27,1,0
INQ-00120,2024-01-05 11:30,2024-01-05 13:17,OP-07,山本,SNS,不具合が発生した,製品不具合,解決済,0,01_問い合わせログ_A_202401.csv,107,1,0
INQ-00121,2024-01-26 13:47,2024-01-26 14:25,OP-08,中村,チャット,交換をお願いしたい,返品・交換,解決済,0,01_問い合わせログ_A_202401.csv,38,1,0
INQ-00122,2024-01-12 11:15,2024-01-12 11:39,OP-05,伊藤,メール,バグがある,製品不具合,対応中,0,01_問い合わせログ_A_202401.csv,24,0,0
INQ-00123,2024-01-14 13:09,2024-01-14 15:20,OP-08,中村,メール,課金について質問,請求・支払い,解決済,0,01_問い合わせログ_A_202401.csv,131,1,0
INQ-00124,2024-01-13 12:22,2024-01-13 13:28,OP-08,中村,電話,到着予定日を確認したい,配送・到着,対応中,0,01_問い合わせログ_A_202401.csv,66,0,0
INQ-00125,2024-01-23 11:26,2024-01-23 11:40,OP-04,高橋,チャット,不具合が発生した,製品不具合,解決済,0,01_問い合わせログ_A_202401.csv,14,1,0
INQ-00126,2024-01-12 11:17,2024-01-12 12:50,OP-06,渡辺,チャット,チュートリアルが必要,その他,解決済,0,01_問い合わせログ_A_202401.csv,93,1,0
INQ-00127,2024-01-21 17:51,2024-01-21 19:15,OP-05,伊藤,メール,不具合が発生した,製品不具合,解決済,0,01_問い合わせログ_A_202401.csv,84,1,0
INQ-00128,2024-01-15 13:32,2024-01-15 15:45,OP-06,渡辺,メール,支払い方法を変更したい,請求・支払い,解決済,0,01_問い合わせログ_A_202401.csv,133,1,0
INQ-00129,2024-01-16 14:12,2024-01-16 14:38,OP-05,伊藤,チャット,課金について質問,請求・支払い,対応中,0,01_問い合わせログ_A_202401.csv,26,0,0
INQ-00130,2024-01-25 15:37,2024-01-25 15:55,OP-05,伊藤,メール,その他の問い合わせ,その他,解決済,0,01_問い合わせログ_A_202401.csv,18,1,0
INQ-00131,2024-01-06 15:02,2024-01-06 16:03,OP-03,佐藤,電話,バグがある,製品不具合,解決済,0,01_問い合わせログ_A_202401.csv,61,1,0
INQ-00132,2024-01-07 13:51,2024-01-07 14:26,OP-08,中村,電話,操作方法がわからない,使い方・操作方法,解決済,0,01_問い合わせログ_A_202401.csv,35,1,0
INQ-00133,2024-01-30 14:38,2024-01-30 17:00,OP-08,中村,メール,how to use,使い方・操作方法,解決済,0,01_問い合わせログ_A_202401.csv,142,1,0
INQ-00134,2024-01-03 14:05,2024-01-03 14:14,OP-08,中村,電話,詳細を確認したい,その他,解決済,0,01_問い合わせログ_A_202401.csv,9,1,0
INQ-00135,2024-01-23 10:57,2024-01-23 11:18,OP-01,田中,チャット,製品が壊れた,製品不具合,解決済,0,01_問い合わせログ_A_202401.csv,21,1,0
INQ-00136,2024-01-30 12:35,2024-01-30 13:30,OP-02,鈴木,SNS,支払い方法を変更したい,請求・支払い,解決済,0,01_問い合わせログ_A_202401.csv,55,1,0
INQ-00137,2024-01-31 16:55,2024-01-31 17:28,OP-04,高橋,SNS,チュートリアルが必要,その他,解決済,0,01_問い合わせログ_A_202401.csv,33,1,0
INQ-00138,2024-01-30 15:35,2024-01-30 15:54,OP-05,伊藤,SNS,how to use,使い方・操作方法,対応中,0,01_問い合わせログ_A_202401.csv,19,0,0
INQ-00139,2024-01-17 14:10,2024-01-17 15:33,OP-01,田中,電話,バグがある,製品不具合,対応中,0,01_問い合わせログ_A_202401.csv,83,0,0
INQ-00140,2024-01-06 09:34,2024-01-06 09:39,OP-04,高橋,電話,その他の問い合わせ,その他,解決済,0,01_問い合わせログ_A_202401.csv,5,1,0
INQ-00141,2024-01-22 13:43,2024-01-22 14:29,OP-02,鈴木,SNS,支払い方法を変更したい,請求・支払い,解決済,0,01_問い合わせログ_A_202401.csv,46,1,0
INQ-00142,2024-01-24 13:29,2024-01-24 13:35,OP-08,中村,メール,チュートリアルが必要,その他,解決済,0,01_問い合わせログ_A_202401.csv,6,1,0
INQ-00143,2024-01-05 17:50,2024-01-05 17:59,OP-08,中村,メール,故障している,製品不具合,解決済,0,01_問い合わせログ_A_202401.csv,9,1,0
INQ-00144,2024-01-04 15:05,2024-01-04 15:49,OP-04,高橋,メール,その他,その他,解決済,0,01_問い合わせログ_A_202401.csv,44,1,0
INQ-00145,2024-01-23 12:55,2024-01-23 13:58,OP-03,佐藤,メール,追跡番号を教えて,配送・到着,解決済,0,01_問い合わせログ_A_202401.csv,63,1,0
INQ-00146,2024-01-25 15:20,2024-01-25 15:59,OP-05,伊藤,SNS,exchange request,返品・交換,解決済,0,01_問い合わせログ_A_202401.csv,39,1,0
INQ-00147,2024-01-26 15:38,2024-01-26 15:54,OP-05,伊藤,SNS,到着予定日を確認したい,配送・到着,解決済,0,01_問い合わせログ_A_202401.csv,16,1,0
INQ-00148,2024-01-09 13:18,2024-01-09 13:47,OP-01,田中,チャット,バグがある,製品不具合,エスカレ済,1,01_問い合わせログ_A_202401.csv,29,0,1
INQ-00149,2024-01-30 10:05,2024-01-30 10:19,OP-02,鈴木,電話,使い方を教えてほしい,使い方・操作方法,解決済,0,01_問い合わせログ_A_202401.csv,14,1,0
INQ-00150,2024-01-30 15:22,2024-01-30 17:10,OP-01,田中,メール,詳細を確認したい,その他,対応中,0,01_問い合わせログ_A_202401.csv,108,0,0
INQ-00151,2024-01-06 13:56,2024-01-06 14:34,OP-05,伊藤,SNS,how to use,使い方・操作方法,解決済,0,01_問い合わせログ_A_202401.csv,38,1,0
INQ-00152,2024-01-30 14:28,2024-01-30 15:01,OP-02,鈴木,SNS,到着予定日を確認したい,配送・到着,解決済,0,01_問い合わせログ_A_202401.csv,33,1,0
INQ-00153,2024-01-21 17:00,2024-01-21 18:04,OP-03,佐藤,SNS,製品が壊れた,製品不具合,解決済,0,01_問い合わせログ_A_202401.csv,64,1,0
INQ-00154,2024-01-23 12:07,2024-01-23 15:40,OP-01,田中,チャット,不具合が発生した,製品不具合,解決済,0,01_問い合わせログ_A_202401.csv,213,1,0
INQ-00155,2024-01-28 14:07,2024-01-28 16:06,OP-07,山本,電話,製品が壊れた,製品不具合,エスカレ済,1,01_問い合わせログ_A_202401.csv,119,0,1
INQ-00156,2024-01-04 09:41,2024-01-04 10:17,OP-08,中村,メール,配送業者に問い合わせたい,配送・到着,解決済,0,01_問い合わせログ_A_202401.csv,36,1,0
INQ-00157,2024-01-03 13:43,2024-01-03 13:55,OP-08,中村,電話,チュートリアルが必要,その他,解決済,0,01_問い合わせログ_A_202401.csv,12,1,0
INQ-00158,2024-01-26 17:27,2024-01-26 17:44,OP-03,佐藤,SNS,バグがある,製品不具合,エスカレ済,1,01_問い合わせログ_A_202401.csv,17,0,1
INQ-00159,2024-01-01 11:30,2024-01-01 12:11,OP-02,鈴木,メール,返金してほしい,返品・交換,解決済,0,01_問い合わせログ_A_202401.csv,41,1,0
INQ-00160,2024-01-29 13:06,2024-01-29 13:11,OP-01,田中,電話,追跡番号を教えて,配送・到着,解決済,0,01_問い合わせログ_A_202401.csv,5,1,0
INQ-00161,2024-01-02 16:41,2024-01-02 17:28,OP-08,中村,メール,製品が壊れた,製品不具合,エスカレ済,1,01_問い合わせログ_A_202401.csv,47,0,1
INQ-00162,2024-01-09 09:06,2024-01-09 09:42,OP-05,伊藤,SNS,設定のやり方,使い方・操作方法,解決済,0,01_問い合わせログ_A_202401.csv,36,1,0
INQ-00163,2024-01-20 09:40,2024-01-20 10:30,OP-08,中村,SNS,その他の問い合わせ,その他,解決済,0,01_問い合わせログ_A_202401.csv,50,1,0
INQ-00164,2024-01-28 11:14,2024-01-28 11:42,OP-03,佐藤,チャット,二重請求があった,請求・支払い,未解決,0,01_問い合わせログ_A_202401.csv,28,0,0
INQ-00165,2024-01-27 15:48,2024-01-27 16:12,OP-06,渡辺,チャット,到着予定日を確認したい,配送・到着,エスカレ済,1,01_問い合わせログ_A_202401.csv,24,0,1
INQ-00166,2024-01-07 11:39,2024-01-07 12:05,OP-05,伊藤,SNS,キャンセルしたい,返品・交換,対応中,0,01_問い合わせログ_A_202401.csv,26,0,0
INQ-00167,2024-01-01 09:09,2024-01-01 09:15,OP-08,中村,SNS,返金してほしい,返品・交換,解決済,0,01_問い合わせログ_A_202401.csv,6,1,0
INQ-00168,2024-01-02 17:48,2024-01-02 17:58,OP-04,高橋,メール,設定のやり方,使い方・操作方法,エスカレ済,1,01_問い合わせログ_A_202401.csv,10,0,1
INQ-00169,2024-01-09 16:14,2024-01-09 17:14,OP-07,山本,SNS,操作方法がわからない,使い方・操作方法,解決済,0,01_問い合わせログ_A_202401.csv,60,1,0
INQ-00170,2024-01-02 17:55,2024-01-02 18:33,OP-07,山本,メール,到着予定日を確認したい,配送・到着,エスカレ済,1,01_問い合わせログ_A_202401.csv,38,0,1
INQ-00171,2024-01-27 15:49,2024-01-27 16:20,OP-03,佐藤,チャット,使い方を教えてほしい,使い方・操作方法,解決済,0,01_問い合わせログ_A_202401.csv,31,1,0
INQ-00172,2024-01-26 10:07,2024-01-26 10:37,OP-02,鈴木,SNS,返金してほしい,返品・交換,解決済,0,01_問い合わせログ_A_202401.csv,30,1,0
INQ-00173,2024-01-17 15:32,2024-01-17 15:48,OP-07,山本,メール,支払い方法を変更したい,請求・支払い,未解決,0,01_問い合わせログ_A_202401.csv,16,0,0
INQ-00174,2024-01-20 13:09,2024-01-20 13:19,OP-06,渡辺,SNS,料金が間違っている,請求・支払い,解決済,0,01_問い合わせログ_A_202401.csv,10,1,0
INQ-00175,2024-01-02 10:00,2024-01-02 11:02,OP-07,山本,SNS,追跡番号を教えて,配送・到着,エスカレ済,1,01_問い合わせログ_A_202401.csv,62,0,1
INQ-00176,2024-01-09 13:58,2024-01-09 14:08,OP-02,鈴木,チャット,返品したい,返品・交換,解決済,0,01_問い合わせログ_A_202401.csv,10,1,0
INQ-00177,2024-01-16 09:04,2024-01-16 09:52,OP-07,山本,電話,一般的な質問,その他,エスカレ済,1,01_問い合わせログ_A_202401.csv,48,0,1
INQ-00178,2024-01-20 10:53,2024-01-20 11:00,OP-01,田中,電話,故障している,製品不具合,解決済,0,01_問い合わせログ_A_202401.csv,7,1,0
INQ-00179,2024-01-13 10:22,2024-01-13 10:43,OP-07,山本,SNS,故障している,製品不具合,解決済,0,01_問い合わせログ_A_202401.csv,21,1,0
INQ-00180,2024-01-03 12:58,2024-01-03 13:17,OP-03,佐藤,SNS,操作方法がわからない,使い方・操作方法,解決済,0,01_問い合わせログ_A_202401.csv,19,1,0
INQ-00181,2024-01-17 16:15,2024-01-17 16:58,OP-08,中村,メール,操作方法がわからない,使い方・操作方法,対応中,0,01_問い合わせログ_A_202401.csv,43,0,0
INQ-00182,2024-01-20 13:08,2024-01-20 14:43,OP-08,中村,電話,故障している,製品不具合,解決済,0,01_問い合わせログ_A_202401.csv,95,1,0
INQ-00183,2024-01-17 11:25,2024-01-17 12:42,OP-05,伊藤,メール,返金してほしい,返品・交換,対応中,0,01_問い合わせログ_A_202401.csv,77,0,0
INQ-00184,2024-01-18 11:38,2024-01-18 12:58,OP-05,伊藤,SNS,料金が間違っている,請求・支払い,解決済,0,01_問い合わせログ_A_202401.csv,80,1,0
INQ-00185,2024-01-05 10:27,2024-01-05 11:10,OP-05,伊藤,SNS,到着予定日を確認したい,配送・到着,解決済,0,01_問い合わせログ_A_202401.csv,43,1,0
INQ-00186,2024-01-16 17:28,2024-01-16 20:22,OP-04,高橋,チャット,返品したい,返品・交換,解決済,0,01_問い合わせログ_A_202401.csv,174,1,0
INQ-00187,2024-01-31 10:56,2024-01-31 12:14,OP-01,田中,SNS,設定のやり方,使い方・操作方法,未解決,0,01_問い合わせログ_A_202401.csv,78,0,0
INQ-00188,2024-01-09 14:25,2024-01-09 15:08,OP-01,田中,SNS,バグがある,製品不具合,エスカレ済,1,01_問い合わせログ_A_202401.csv,43,0,1
INQ-00189,2024-01-13 14:58,2024-01-13 15:15,OP-04,高橋,チャット,キャンセルしたい,返品・交換,対応中,0,01_問い合わせログ_A_202401.csv,17,0,0
INQ-00190,2024-01-13 16:13,2024-01-13 16:19,OP-05,伊藤,メール,エラーが出て動かない,製品不具合,対応中,0,01_問い合わせログ_A_202401.csv,6,0,0
INQ-00191,2024-01-19 11:55,2024-01-19 12:21,OP-05,伊藤,電話,使い方を教えてほしい,使い方・操作方法,解決済,0,01_問い合わせログ_A_202401.csv,26,1,0
INQ-00192,2024-01-02 13:28,2024-01-02 14:48,OP-02,鈴木,チャット,操作方法がわからない,使い方・操作方法,対応中,0,01_問い合わせログ_A_202401.csv,80,0,0
INQ-00193,2024-01-03 14:21,2024-01-03 14:44,OP-04,高橋,チャット,配送が遅延している,配送・到着,解決済,0,01_問い合わせログ_A_202401.csv,23,1,0
INQ-00194,2024-01-18 13:38,2024-01-18 14:16,OP-03,佐藤,SNS,設定のやり方,使い方・操作方法,解決済,0,01_問い合わせログ_A_202401.csv,38,1,0
INQ-00195,2024-01-20 11:14,2024-01-20 12:31,OP-06,渡辺,SNS,詳細を確認したい,その他,対応中,0,01_問い合わせログ_A_202401.csv,77,0,0
INQ-00196,2024-01-25 10:25,2024-01-25 10:58,OP-04,高橋,SNS,その他の問い合わせ,その他,対応中,0,01_問い合わせログ_A_202401.csv,33,0,0
INQ-00197,2024-01-17 12:57,2024-01-17 14:41,OP-06,渡辺,SNS,その他,その他,解決済,0,01_問い合わせログ_A_202401.csv,104,1,0
INQ-00198,2024-01-16 14:53,2024-01-16 15:45,OP-02,鈴木,チャット,二重請求があった,請求・支払い,解決済,0,01_問い合わせログ_A_202401.csv,52,1,0
INQ-00199,2024-01-27 13:44,2024-01-27 14:01,OP-02,鈴木,SNS,設定のやり方,使い方・操作方法,解決済,0,01_問い合わせログ_A_202401.csv,17,1,0
INQ-00200,2024-01-17 11:18,2024-01-17 11:34,OP-06,渡辺,メール,二重請求があった,請求・支払い,エスカレ済,1,01_問い合わせログ_A_202401.csv,16,0,1
INQ-00201,2024-01-12 13:02,2024-01-12 13:58,OP-05,伊藤,電話,到着予定日を確認したい,配送・到着,解決済,0,02_inquiry_log_B_202401.csv,56,1,0
INQ-00202,2024-01-04 16:50,2024-01-04 17:34,OP-05,伊藤,電話,請求書の確認,請求・支払い,エスカレ済,1,02_inquiry_log_B_202401.csv,44,0,1
INQ-00203,2024-01-03 11:33,2024-01-03 11:58,OP-03,佐藤,チャット,二重請求があった,請求・支払い,解決済,0,02_inquiry_log_B_202401.csv,25,1,0
INQ-00204,2024-01-11 15:18,2024-01-11 15:25,OP-07,山本,メール,配送業者に問い合わせたい,配送・到着,解決済,0,02_inquiry_log_B_202401.csv,7,1,0
INQ-00205,2024-01-28 09:26,2024-01-28 09:36,OP-08,中村,チャット,返品したい,返品・交換,対応中,0,02_inquiry_log_B_202401.csv,10,0,0
INQ-00206,2024-01-26 12:22,2024-01-26 13:29,OP-04,高橋,メール,料金が間違っている,請求・支払い,解決済,0,02_inquiry_log_B_202401.csv,67,1,0
INQ-00207,2024-01-08 14:40,2024-01-08 14:45,OP-06,渡辺,チャット,返品したい,返品・交換,解決済,0,02_inquiry_log_B_202401.csv,5,1,0
INQ-00208,2024-01-04 13:57,2024-01-04 17:46,OP-04,高橋,SNS,料金が間違っている,請求・支払い,エスカレ済,1,02_inquiry_log_B_202401.csv,229,0,1
INQ-00209,2024-01-14 15:25,2024-01-14 16:13,OP-01,田中,チャット,支払い方法を変更したい,請求・支払い,解決済,0,02_inquiry_log_B_202401.csv,48,1,0
INQ-00210,2024-01-10 10:42,2024-01-10 11:08,OP-04,高橋,メール,エラーが出て動かない,製品不具合,解決済,0,02_inquiry_log_B_202401.csv,26,1,0
INQ-00211,2024-01-29 14:20,2024-01-29 15:22,OP-06,渡辺,電話,操作方法がわからない,使い方・操作方法,解決済,0,02_inquiry_log_B_202401.csv,62,1,0
INQ-00212,2024-01-01 15:31,2024-01-01 16:27,OP-03,佐藤,メール,エラーが出て動かない,製品不具合,対応中,0,02_inquiry_log_B_202401.csv,56,0,0
INQ-00213,2024-01-23 10:25,2024-01-23 12:26,OP-03,佐藤,メール,請求書の確認,請求・支払い,解決済,0,02_inquiry_log_B_202401.csv,121,1,0
INQ-00214,2024-01-26 17:33,2024-01-26 17:49,OP-03,佐藤,メール,使い方を教えてほしい,使い方・操作方法,解決済,0,02_inquiry_log_B_202401.csv,16,1,0
INQ-00215,2024-01-25 17:39,2024-01-25 19:20,OP-02,鈴木,SNS,配送業者に問い合わせたい,配送・到着,対応中,0,02_inquiry_log_B_202401.csv,101,0,0
INQ-00216,2024-01-05 16:23,2024-01-05 18:09,OP-02,鈴木,メール,故障している,製品不具合,解決済,0,02_inquiry_log_B_202401.csv,106,1,0
INQ-00217,2024-01-26 15:02,2024-01-26 16:57,OP-05,伊藤,電話,一般的な質問,その他,解決済,0,02_inquiry_log_B_202401.csv,115,1,0
INQ-00218,2024-01-14 17:09,2024-01-14 17:24,OP-07,山本,電話,課金について質問,請求・支払い,解決済,0,02_inquiry_log_B_202401.csv,15,1,0
INQ-00219,2024-01-08 17:56,2024-01-08 18:05,OP-02,鈴木,チャット,how to use,使い方・操作方法,対応中,0,02_inquiry_log_B_202401.csv,9,0,0
INQ-00220,2024-01-02 10:17,2024-01-02 10:38,OP-03,佐藤,チャット,使い方を教えてほしい,使い方・操作方法,解決済,0,02_inquiry_log_B_202401.csv,21,1,0
INQ-00221,2024-01-31 14:43,2024-01-31 15:00,OP-05,伊藤,SNS,バグがある,製品不具合,解決済,0,02_inquiry_log_B_202401.csv,17,1,0
INQ-00222,2024-01-16 11:14,2024-01-16 11:31,OP-04,高橋,メール,請求書の確認,請求・支払い,解決済,0,02_inquiry_log_B_202401.csv,17,1,0
INQ-00223,2024-01-27 14:33,2024-01-27 15:00,OP-07,山本,電話,不具合が発生した,製品不具合,解決済,0,02_inquiry_log_B_202401.csv,27,1,0
INQ-00224,2024-01-21 16:45,2024-01-21 17:23,OP-05,伊藤,メール,故障している,製品不具合,解決済,0,02_inquiry_log_B_202401.csv,38,1,0
INQ-00225,2024-01-23 12:44,2024-01-23 13:40,OP-02,鈴木,電話,到着予定日を確認したい,配送・到着,解決済,0,02_inquiry_log_B_202401.csv,56,1,0
INQ-00226,2024-01-17 17:50,2024-01-17 18:41,OP-06,渡辺,電話,請求書の確認,請求・支払い,対応中,0,02_inquiry_log_B_202401.csv,51,0,0
INQ-00227,2024-01-17 15:41,2024-01-17 16:11,OP-06,渡辺,SNS,チュートリアルが必要,その他,解決済,0,02_inquiry_log_B_202401.csv,30,1,0
INQ-00228,2024-01-27 12:54,2024-01-27 13:12,OP-01,田中,チャット,不具合が発生した,製品不具合,エスカレ済,1,02_inquiry_log_B_202401.csv,18,0,1
INQ-00229,2024-01-04 16:23,2024-01-04 16:39,OP-04,高橋,SNS,バグがある,製品不具合,解決済,0,02_inquiry_log_B_202401.csv,16,1,0
INQ-00230,2024-01-11 09:23,2024-01-11 10:06,OP-06,渡辺,チャット,製品が壊れた,製品不具合,エスカレ済,1,02_inquiry_log_B_202401.csv,43,0,1
INQ-00231,2024-01-20 14:23,2024-01-20 15:31,OP-04,高橋,電話,料金が間違っている,請求・支払い,対応中,0,02_inquiry_log_B_202401.csv,68,0,0
INQ-00232,2024-01-06 11:11,2024-01-06 11:40,OP-01,田中,チャット,設定のやり方,使い方・操作方法,解決済,0,02_inquiry_log_B_202401.csv,29,1,0
INQ-00233,2024-01-19 17:41,2024-01-19 18:19,OP-01,田中,メール,詳細を確認したい,その他,解決済,0,02_inquiry_log_B_202401.csv,38,1,0
INQ-00234,2024-01-14 10:35,2024-01-14 11:06,OP-02,鈴木,電話,how to use,使い方・操作方法,解決済,0,02_inquiry_log_B_202401.csv,31,1,0
INQ-00235,2024-01-13 11:10,2024-01-13 11:48,OP-04,高橋,SNS,二重請求があった,請求・支払い,解決済,0,02_inquiry_log_B_202401.csv,38,1,0
INQ-00236,2024-01-22 15:58,2024-01-22 17:34,OP-05,伊藤,電話,故障している,製品不具合,未解決,0,02_inquiry_log_B_202401.csv,96,0,0
INQ-00237,2024-01-28 13:59,2024-01-28 14:43,OP-03,佐藤,電話,交換をお願いしたい,返品・交換,対応中,0,02_inquiry_log_B_202401.csv,44,0,0
INQ-00238,2024-01-24 13:43,2024-01-24 13:56,OP-08,中村,SNS,追跡番号を教えて,配送・到着,対応中,0,02_inquiry_log_B_202401.csv,13,0,0
INQ-00239,2024-01-20 16:27,2024-01-20 17:25,OP-05,伊藤,電話,how to use,使い方・操作方法,解決済,0,02_inquiry_log_B_202401.csv,58,1,0
INQ-00240,2024-01-27 13:43,2024-01-27 13:55,OP-05,伊藤,SNS,製品が壊れた,製品不具合,対応中,0,02_inquiry_log_B_202401.csv,12,0,0
INQ-00241,2024-01-21 13:57,2024-01-21 15:57,OP-01,田中,電話,設定のやり方,使い方・操作方法,解決済,0,02_inquiry_log_B_202401.csv,120,1,0
INQ-00242,2024-01-21 09:59,2024-01-21 10:39,OP-04,高橋,チャット,料金が間違っている,請求・支払い,対応中,0,02_inquiry_log_B_202401.csv,40,0,0
INQ-00243,2024-01-26 15:58,2024-01-26 16:21,OP-01,田中,SNS,製品が壊れた,製品不具合,解決済,0,02_inquiry_log_B_202401.csv,23,1,0
INQ-00244,2024-01-24 09:07,2024-01-24 09:18,OP-04,高橋,チャット,課金について質問,請求・支払い,解決済,0,02_inquiry_log_B_202401.csv,11,1,0
INQ-00245,2024-01-16 15:57,2024-01-16 17:00,OP-07,山本,電話,請求書の確認,請求・支払い,解決済,0,02_inquiry_log_B_202401.csv,63,1,0
INQ-00246,2024-01-16 16:27,2024-01-16 16:35,OP-07,山本,SNS,exchange request,返品・交換,解決済,0,02_inquiry_log_B_202401.csv,8,1,0
INQ-00247,2024-01-08 12:04,2024-01-08 13:35,OP-01,田中,メール,不具合が発生した,製品不具合,エスカレ済,1,02_inquiry_log_B_202401.csv,91,0,1
INQ-00248,2024-01-25 10:33,2024-01-25 10:52,OP-08,中村,チャット,exchange request,返品・交換,対応中,0,02_inquiry_log_B_202401.csv,19,0,0
INQ-00249,2024-01-09 17:26,2024-01-09 18:13,OP-04,高橋,SNS,請求書の確認,請求・支払い,解決済,0,02_inquiry_log_B_202401.csv,47,1,0
INQ-00250,2024-01-26 09:22,2024-01-26 10:12,OP-05,伊藤,メール,how to use,使い方・操作方法,解決済,0,02_inquiry_log_B_202401.csv,50,1,0
INQ-00251,2024-01-12 09:55,2024-01-12 10:05,OP-02,鈴木,電話,エラーが出て動かない,製品不具合,対応中,0,02_inquiry_log_B_202401.csv,10,0,0
INQ-00252,2024-01-21 14:46,2024-01-21 15:03,OP-06,渡辺,メール,操作方法がわからない,使い方・操作方法,解決済,0,02_inquiry_log_B_202401.csv,17,1,0
INQ-00253,2024-01-23 15:23,2024-01-23 16:03,OP-05,伊藤,メール,エラーが出て動かない,製品不具合,解決済,0,02_inquiry_log_B_202401.csv,40,1,0
INQ-00254,2024-01-25 17:14,2024-01-25 18:59,OP-03,佐藤,SNS,荷物が届かない,配送・到着,エスカレ済,1,02_inquiry_log_B_202401.csv,105,0,1
INQ-00255,2024-01-08 16:26,2024-01-08 17:07,OP-08,中村,チャット,チュートリアルが必要,その他,解決済,0,02_inquiry_log_B_202401.csv,41,1,0
INQ-00256,2024-01-01 11:40,2024-01-01 12:28,OP-03,佐藤,SNS,キャンセルしたい,返品・交換,解決済,0,02_inquiry_log_B_202401.csv,48,1,0
INQ-00257,2024-01-24 12:41,2024-01-24 14:19,OP-05,伊藤,チャット,故障している,製品不具合,対応中,0,02_inquiry_log_B_202401.csv,98,0,0
INQ-00258,2024-01-28 11:14,2024-01-28 11:19,OP-08,中村,電話,設定のやり方,使い方・操作方法,解決済,0,02_inquiry_log_B_202401.csv,5,1,0
INQ-00259,2024-01-17 12:46,2024-01-17 13:09,OP-02,鈴木,電話,故障している,製品不具合,対応中,0,02_inquiry_log_B_202401.csv,23,0,0
INQ-00260,2024-01-27 15:35,2024-01-27 16:00,OP-07,山本,電話,チュートリアルが必要,その他,解決済,0,02_inquiry_log_B_202401.csv,25,1,0
INQ-00261,2024-01-04 11:32,2024-01-04 11:45,OP-04,高橋,SNS,バグがある,製品不具合,解決済,0,02_inquiry_log_B_202401.csv,13,1,0
INQ-00262,2024-01-28 15:05,2024-01-28 15:55,OP-08,中村,チャット,使い方を教えてほしい,使い方・操作方法,解決済,0,02_inquiry_log_B_202401.csv,50,1,0
INQ-00263,2024-01-14 15:25,2024-01-14 18:16,OP-03,佐藤,SNS,一般的な質問,その他,解決済,0,02_inquiry_log_B_202401.csv,171,1,0
INQ-00264,2024-01-26 14:17,2024-01-26 14:42,OP-03,佐藤,チャット,その他,その他,解決済,0,02_inquiry_log_B_202401.csv,25,1,0
INQ-00265,2024-01-17 10:07,2024-01-17 10:15,OP-01,田中,チャット,故障している,製品不具合,未解決,0,02_inquiry_log_B_202401.csv,8,0,0
INQ-00266,2024-01-18 09:23,2024-01-18 09:47,OP-07,山本,メール,請求書の確認,請求・支払い,解決済,0,02_inquiry_log_B_202401.csv,24,1,0
INQ-00267,2024-01-07 13:20,2024-01-07 15:25,OP-03,佐藤,チャット,バグがある,製品不具合,エスカレ済,1,02_inquiry_log_B_202401.csv,125,0,1
INQ-00268,2024-01-05 09:04,2024-01-05 09:56,OP-03,佐藤,電話,サービスについて,その他,解決済,0,02_inquiry_log_B_202401.csv,52,1,0
INQ-00269,2024-01-18 09:18,2024-01-18 09:56,OP-06,渡辺,電話,不具合が発生した,製品不具合,エスカレ済,1,02_inquiry_log_B_202401.csv,38,0,1
INQ-00270,2024-01-15 16:20,2024-01-15 16:45,OP-06,渡辺,チャット,到着予定日を確認したい,配送・到着,解決済,0,02_inquiry_log_B_202401.csv,25,1,0
INQ-00271,2024-01-28 17:57,2024-01-28 18:13,OP-06,渡辺,SNS,支払い方法を変更したい,請求・支払い,エスカレ済,1,02_inquiry_log_B_202401.csv,16,0,1
INQ-00272,2024-01-24 17:17,2024-01-24 17:48,OP-03,佐藤,電話,支払い方法を変更したい,請求・支払い,解決済,0,02_inquiry_log_B_202401.csv,31,1,0
INQ-00273,2024-01-12 11:33,2024-01-12 12:21,OP-01,田中,メール,チュートリアルが必要,その他,解決済,0,02_inquiry_log_B_202401.csv,48,1,0
INQ-00274,2024-01-11 11:31,2024-01-11 11:36,OP-03,佐藤,メール,操作方法がわからない,使い方・操作方法,解決済,0,02_inquiry_log_B_202401.csv,5,1,0
INQ-00275,2024-01-07 14:37,2024-01-07 14:55,OP-07,山本,メール,荷物が届かない,配送・到着,解決済,0,02_inquiry_log_B_202401.csv,18,1,0
INQ-00276,2024-01-21 16:14,2024-01-21 17:18,OP-05,伊藤,SNS,その他,その他,対応中,0,02_inquiry_log_B_202401.csv,64,0,0
INQ-00277,2024-01-06 10:20,2024-01-06 11:05,OP-05,伊藤,SNS,エラーが出て動かない,製品不具合,エスカレ済,1,02_inquiry_log_B_202401.csv,45,0,1
INQ-00278,2024-01-28 09:33,2024-01-28 10:18,OP-06,渡辺,SNS,その他の問い合わせ,その他,解決済,0,02_inquiry_log_B_202401.csv,45,1,0
INQ-00279,2024-01-19 16:38,2024-01-19 17:32,OP-07,山本,SNS,設定のやり方,使い方・操作方法,解決済,0,02_inquiry_log_B_202401.csv,54,1,0
INQ-00280,2024-01-14 17:59,2024-01-14 18:20,OP-03,佐藤,電話,その他の問い合わせ,その他,対応中,0,02_inquiry_log_B_202401.csv,21,0,0
INQ-00281,2024-01-08 16:40,2024-01-08 17:03,OP-02,鈴木,電話,追跡番号を教えて,配送・到着,対応中,0,02_inquiry_log_B_202401.csv,23,0,0
INQ-00282,2024-01-28 13:11,2024-01-28 14:13,OP-05,伊藤,メール,エラーが出て動かない,製品不具合,解決済,0,02_inquiry_log_B_202401.csv,62,1,0
INQ-00283,2024-01-10 09:25,2024-01-10 09:48,OP-04,高橋,チャット,返品したい,返品・交換,対応中,0,02_inquiry_log_B_202401.csv,23,0,0
INQ-00284,2024-01-21 16:30,2024-01-21 16:57,OP-01,田中,チャット,サービスについて,その他,解決済,0,02_inquiry_log_B_202401.csv,27,1,0
INQ-00285,2024-01-05 09:56,2024-01-05 10:13,OP-06,渡辺,チャット,製品が壊れた,製品不具合,解決済,0,02_inquiry_log_B_202401.csv,17,1,0
INQ-00286,2024-01-30 11:02,2024-01-30 11:07,OP-03,佐藤,チャット,詳細を確認したい,その他,解決済,0,02_inquiry_log_B_202401.csv,5,1,0
INQ-00287,2024-01-18 09:59,2024-01-18 10:27,OP-03,佐藤,SNS,サービスについて,その他,対応中,0,02_inquiry_log_B_202401.csv,28,0,0
INQ-00288,2024-01-15 16:18,2024-01-15 16:45,OP-02,鈴木,メール,製品が壊れた,製品不具合,解決済,0,02_inquiry_log_B_202401.csv,27,1,0
INQ-00289,2024-01-27 10:38,2024-01-27 11:54,OP-07,山本,チャット,exchange request,返品・交換,解決済,0,02_inquiry_log_B_202401.csv,76,1,0
INQ-00290,2024-01-12 17:41,2024-01-12 17:56,OP-01,田中,SNS,製品が壊れた,製品不具合,解決済,0,02_inquiry_log_B_202401.csv,15,1,0
INQ-00291,2024-01-31 11:29,2024-01-31 12:24,OP-01,田中,メール,課金について質問,請求・支払い,解決済,0,02_inquiry_log_B_202401.csv,55,1,0
INQ-00292,2024-01-13 10:00,2024-01-13 10:58,OP-07,山本,チャット,追跡番号を教えて,配送・到着,解決済,0,02_inquiry_log_B_202401.csv,58,1,0
INQ-00293,2024-01-13 16:09,2024-01-13 16:36,OP-03,佐藤,電話,不具合が発生した,製品不具合,対応中,0,02_inquiry_log_B_202401.csv,27,0,0
INQ-00294,2024-01-01 11:29,2024-01-01 11:38,OP-02,鈴木,電話,設定のやり方,使い方・操作方法,未解決,0,02_inquiry_log_B_202401.csv,9,0,0
INQ-00295,2024-01-13 12:33,2024-01-13 12:47,OP-01,田中,チャット,不具合が発生した,製品不具合,対応中,0,02_inquiry_log_B_202401.csv,14,0,0
INQ-00296,2024-01-25 13:15,2024-01-25 14:36,OP-06,渡辺,チャット,製品が壊れた,製品不具合,未解決,0,02_inquiry_log_B_202401.csv,81,0,0
INQ-00297,2024-01-19 11:54,2024-01-19 12:09,OP-06,渡辺,チャット,製品が壊れた,製品不具合,解決済,0,02_inquiry_log_B_202401.csv,15,1,0
INQ-00298,2024-01-15 12:13,2024-01-15 12:54,OP-08,中村,SNS,操作方法がわからない,使い方・操作方法,エスカレ済,1,02_inquiry_log_B_202401.csv,41,0,1
INQ-00299,2024-01-08 17:28,2024-01-08 17:41,OP-02,鈴木,SNS,配送が遅延している,配送・到着,対応中,0,02_inquiry_log_B_202401.csv,13,0,0
INQ-00300,2024-01-02 16:42,2024-01-02 17:16,OP-01,田中,電話,支払い方法を変更したい,請求・支払い,対応中,0,02_inquiry_log_B_202401.csv,34,0,0
INQ-00301,2024-01-19 09:19,2024-01-19 10:00,OP-07,山本,SNS,故障している,製品不具合,エスカレ済,1,02_inquiry_log_B_202401.csv,41,0,1
INQ-00302,2024-01-05 09:00,2024-01-05 10:01,OP-05,伊藤,電話,エラーが出て動かない,製品不具合,解決済,0,02_inquiry_log_B_202401.csv,61,1,0
INQ-00303,2024-01-26 09:09,2024-01-26 09:14,OP-05,伊藤,チャット,キャンセルしたい,返品・交換,解決済,0,02_inquiry_log_B_202401.csv,5,1,0
INQ-00304,2024-01-04 13:14,2024-01-04 14:39,OP-08,中村,SNS,不具合が発生した,製品不具合,エスカレ済,1,02_inquiry_log_B_202401.csv,85,0,1
INQ-00305,2024-01-08 14:41,2024-01-08 15:16,OP-08,中村,チャット,エラーが出て動かない,製品不具合,対応中,0,02_inquiry_log_B_202401.csv,35,0,0
INQ-00306,2024-01-27 11:51,2024-01-27 14:10,OP-05,伊藤,SNS,その他,その他,対応中,0,02_inquiry_log_B_202401.csv,139,0,0
INQ-00307,2024-01-15 10:53,2024-01-15 11:09,OP-03,佐藤,チャット,二重請求があった,請求・支払い,解決済,0,02_inquiry_log_B_202401.csv,16,1,0
INQ-00308,2024-01-24 11:15,2024-01-24 11:41,OP-05,伊藤,SNS,料金が間違っている,請求・支払い,解決済,0,02_inquiry_log_B_202401.csv,26,1,0
INQ-00309,2024-01-18 13:58,2024-01-18 16:16,OP-06,渡辺,チャット,課金について質問,請求・支払い,解決済,0,02_inquiry_log_B_202401.csv,138,1,0
INQ-00310,2024-01-19 09:21,2024-01-19 09:36,OP-05,伊藤,電話,how to use,使い方・操作方法,解決済,0,02_inquiry_log_B_202401.csv,15,1,0
INQ-00311,2024-01-05 11:32,2024-01-05 12:19,OP-06,渡辺,メール,課金について質問,請求・支払い,解決済,0,02_inquiry_log_B_202401.csv,47,1,0
INQ-00312,2024-01-25 11:12,2024-01-25 12:07,OP-08,中村,電話,その他の問い合わせ,その他,解決済,0,02_inquiry_log_B_202401.csv,55,1,0
INQ-00313,2024-01-20 11:49,2024-01-20 12:32,OP-06,渡辺,電話,故障している,製品不具合,解決済,0,02_inquiry_log_B_202401.csv,43,1,0
INQ-00314,2024-01-03 15:20,2024-01-03 15:55,OP-06,渡辺,電話,how to use,使い方・操作方法,解決済,0,02_inquiry_log_B_202401.csv,35,1,0
INQ-00315,2024-01-22 10:39,2024-01-22 12:46,OP-06,渡辺,チャット,チュートリアルが必要,その他,解決済,0,02_inquiry_log_B_202401.csv,127,1,0
INQ-00316,2024-01-23 11:44,2024-01-23 13:22,OP-01,田中,SNS,製品が壊れた,製品不具合,未解決,0,02_inquiry_log_B_202401.csv,98,0,0
INQ-00317,2024-01-04 17:08,2024-01-04 17:41,OP-02,鈴木,チャット,チュートリアルが必要,その他,解決済,0,02_inquiry_log_B_202401.csv,33,1,0
INQ-00318,2024-01-19 15:08,2024-01-19 15:21,OP-05,伊藤,SNS,配送が遅延している,配送・到着,対応中,0,02_inquiry_log_B_202401.csv,13,0,0
INQ-00319,2024-01-02 10:47,2024-01-02 10:58,OP-02,鈴木,SNS,エラーが出て動かない,製品不具合,解決済,0,02_inquiry_log_B_202401.csv,11,1,0
INQ-00320,2024-01-16 11:00,2024-01-16 11:31,OP-06,渡辺,チャット,詳細を確認したい,その他,解決済,0,02_inquiry_log_B_202401.csv,31,1,0
INQ-00321,2024-01-18 17:34,2024-01-18 18:07,OP-03,佐藤,メール,交換をお願いしたい,返品・交換,対応中,0,02_inquiry_log_B_202401.csv,33,0,0
INQ-00322,2024-01-19 14:53,2024-01-19 15:27,OP-03,佐藤,SNS,支払い方法を変更したい,請求・支払い,解決済,0,02_inquiry_log_B_202401.csv,34,1,0
INQ-00323,2024-01-13 13:09,2024-01-13 13:38,OP-06,渡辺,メール,二重請求があった,請求・支払い,解決済,0,02_inquiry_log_B_202401.csv,29,1,0
INQ-00324,2024-01-20 15:03,2024-01-20 15:15,OP-02,鈴木,SNS,使い方を教えてほしい,使い方・操作方法,解決済,0,02_inquiry_log_B_202401.csv,12,1,0
INQ-00325,2024-01-05 11:20,2024-01-05 11:27,OP-02,鈴木,チャット,how to use,使い方・操作方法,解決済,0,02_inquiry_log_B_202401.csv,7,1,0
INQ-00326,2024-01-21 10:01,2024-01-21 11:14,OP-08,中村,チャット,到着予定日を確認したい,配送・到着,対応中,0,02_inquiry_log_B_202401.csv,73,0,0
INQ-00327,2024-01-05 11:50,2024-01-05 12:24,OP-03,佐藤,メール,二重請求があった,請求・支払い,対応中,0,02_inquiry_log_B_202401.csv,34,0,0
INQ-00328,2024-01-28 14:36,2024-01-28 14:49,OP-02,鈴木,チャット,製品が壊れた,製品不具合,対応中,0,02_inquiry_log_B_202401.csv,13,0,0
INQ-00329,2024-01-17 12:45,2024-01-17 14:17,OP-04,高橋,チャット,料金が間違っている,請求・支払い,解決済,0,02_inquiry_log_B_202401.csv,92,1,0
INQ-00330,2024-01-22 15:34,2024-01-22 16:03,OP-04,高橋,チャット,キャンセルしたい,返品・交換,対応中,0,02_inquiry_log_B_202401.csv,29,0,0
INQ-00331,2024-01-23 17:08,2024-01-23 17:47,OP-02,鈴木,メール,料金が間違っている,請求・支払い,解決済,0,02_inquiry_log_B_202401.csv,39,1,0
INQ-00332,2024-01-13 17:00,2024-01-13 17:20,OP-03,佐藤,チャット,チュートリアルが必要,その他,解決済,0,02_inquiry_log_B_202401.csv,20,1,0
INQ-00333,2024-01-12 13:25,2024-01-12 13:45,OP-01,田中,電話,exchange request,返品・交換,対応中,0,02_inquiry_log_B_202401.csv,20,0,0
INQ-00334,2024-01-13 15:53,2024-01-13 16:17,OP-05,伊藤,SNS,二重請求があった,請求・支払い,解決済,0,02_inquiry_log_B_202401.csv,24,1,0
INQ-00335,2024-01-05 15:28,2024-01-05 15:41,OP-08,中村,チャット,使い方を教えてほしい,使い方・操作方法,対応中,0,02_inquiry_log_B_202401.csv,13,0,0
INQ-00336,2024-01-05 11:10,2024-01-05 12:54,OP-08,中村,SNS,追跡番号を教えて,配送・到着,解決済,0,02_inquiry_log_B_202401.csv,104,1,0
INQ-00337,2024-01-29 16:59,2024-01-29 17:12,OP-01,田中,SNS,製品が壊れた,製品不具合,解決済,0,02_inquiry_log_B_202401.csv,13,1,0
INQ-00338,2024-01-29 12:28,2024-01-29 12:35,OP-06,渡辺,チャット,操作方法がわからない,使い方・操作方法,解決済,0,02_inquiry_log_B_202401.csv,7,1,0
INQ-00339,2024-01-20 16:38,2024-01-20 17:08,OP-06,渡辺,メール,キャンセルしたい,返品・交換,エスカレ済,1,02_inquiry_log_B_202401.csv,30,0,1
INQ-00340,2024-01-12 09:44,2024-01-12 09:49,OP-02,鈴木,SNS,配送業者に問い合わせたい,配送・到着,解決済,0,02_inquiry_log_B_202401.csv,5,1,0
INQ-00341,2024-01-17 16:56,2024-01-17 17:09,OP-04,高橋,電話,課金について質問,請求・支払い,解決済,0,02_inquiry_log_B_202401.csv,13,1,0
INQ-00342,2024-01-18 16:54,2024-01-18 17:12,OP-07,山本,メール,不具合が発生した,製品不具合,解決済,0,02_inquiry_log_B_202401.csv,18,1,0
INQ-00343,2024-01-27 16:30,2024-01-27 18:13,OP-06,渡辺,メール,exchange request,返品・交換,解決済,0,02_inquiry_log_B_202401.csv,103,1,0
INQ-00344,2024-01-04 12:44,2024-01-04 13:09,OP-08,中村,チャット,チュートリアルが必要,その他,解決済,0,02_inquiry_log_B_202401.csv,25,1,0
INQ-00345,2024-01-07 17:59,2024-01-07 20:13,OP-07,山本,メール,使い方を教えてほしい,使い方・操作方法,解決済,0,02_inquiry_log_B_202401.csv,134,1,0
INQ-00346,2024-01-12 17:53,2024-01-12 18:29,OP-01,田中,SNS,故障している,製品不具合,解決済,0,02_inquiry_log_B_202401.csv,36,1,0
INQ-00347,2024-01-20 11:20,2024-01-20 12:25,OP-05,伊藤,電話,how to use,使い方・操作方法,解決済,0,02_inquiry_log_B_202401.csv,65,1,0
INQ-00348,2024-01-19 12:24,2024-01-19 13:35,OP-06,渡辺,チャット,故障している,製品不具合,未解決,0,02_inquiry_log_B_202401.csv,71,0,0
INQ-00349,2024-01-18 17:30,2024-01-18 18:38,OP-04,高橋,チャット,請求書の確認,請求・支払い,解決済,0,02_inquiry_log_B_202401.csv,68,1,0
INQ-00350,2024-01-15 12:22,2024-01-15 13:03,OP-08,中村,チャット,二重請求があった,請求・支払い,対応中,0,02_inquiry_log_B_202401.csv,41,0,0
INQ-00351,2024-01-24 10:19,2024-01-24 11:05,OP-02,鈴木,電話,exchange request,返品・交換,解決済,0,03_問い合わせログ_C_202401.csv,46,1,0
INQ-00352,2024-01-06 09:20,2024-01-06 10:16,OP-06,渡辺,メール,故障している,製品不具合,未解決,0,03_問い合わせログ_C_202401.csv,56,0,0
INQ-00353,2024-01-23 11:11,2024-01-23 11:42,OP-01,田中,メール,how to use,使い方・操作方法,解決済,0,03_問い合わせログ_C_202401.csv,31,1,0
INQ-00354,2024-01-04 14:52,2024-01-04 15:11,OP-08,中村,メール,到着予定日を確認したい,配送・到着,解決済,0,03_問い合わせログ_C_202401.csv,19,1,0
INQ-00355,2024-01-15 10:58,2024-01-15 11:21,OP-06,渡辺,チャット,バグがある,製品不具合,解決済,0,03_問い合わせログ_C_202401.csv,23,1,0
INQ-00356,2024-01-06 09:28,2024-01-06 09:59,OP-08,中村,チャット,チュートリアルが必要,その他,解決済,0,03_問い合わせログ_C_202401.csv,31,1,0
INQ-00357,2024-01-04 09:00,2024-01-04 09:59,OP-06,渡辺,電話,使い方を教えてほしい,使い方・操作方法,解決済,0,03_問い合わせログ_C_202401.csv,59,1,0
INQ-00358,2024-01-15 11:39,2024-01-15 11:46,OP-05,伊藤,電話,その他,その他,対応中,0,03_問い合わせログ_C_202401.csv,7,0,0
INQ-00359,2024-01-28 09:14,2024-01-28 09:41,OP-04,高橋,SNS,設定のやり方,使い方・操作方法,解決済,0,03_問い合わせログ_C_202401.csv,27,1,0
INQ-00360,2024-01-08 11:45,2024-01-08 12:17,OP-07,山本,メール,二重請求があった,請求・支払い,解決済,0,03_問い合わせログ_C_202401.csv,32,1,0
INQ-00361,2024-01-24 17:06,2024-01-24 17:19,OP-04,高橋,チャット,請求書の確認,請求・支払い,解決済,0,03_問い合わせログ_C_202401.csv,13,1,0
INQ-00362,2024-01-31 12:57,2024-01-31 13:10,OP-04,高橋,SNS,不具合が発生した,製品不具合,解決済,0,03_問い合わせログ_C_202401.csv,13,1,0
INQ-00363,2024-01-13 10:56,2024-01-13 11:19,OP-03,佐藤,チャット,返品したい,返品・交換,解決済,0,03_問い合わせログ_C_202401.csv,23,1,0
INQ-00364,2024-01-10 12:05,2024-01-10 12:13,OP-07,山本,メール,サービスについて,その他,解決済,0,03_問い合わせログ_C_202401.csv,8,1,0
INQ-00365,2024-01-24 14:24,2024-01-24 14:47,OP-06,渡辺,チャット,チュートリアルが必要,その他,解決済,0,03_問い合わせログ_C_202401.csv,23,1,0
INQ-00366,2024-01-17 09:15,2024-01-17 09:40,OP-04,高橋,チャット,操作方法がわからない,使い方・操作方法,解決済,0,03_問い合わせログ_C_202401.csv,25,1,0
INQ-00367,2024-01-04 16:22,2024-01-04 16:38,OP-05,伊藤,SNS,故障している,製品不具合,未解決,0,03_問い合わせログ_C_202401.csv,16,0,0
INQ-00368,2024-01-19 15:17,2024-01-19 15:26,OP-05,伊藤,SNS,故障している,製品不具合,解決済,0,03_問い合わせログ_C_202401.csv,9,1,0
INQ-00369,2024-01-26 12:06,2024-01-26 12:35,OP-06,渡辺,メール,返金してほしい,返品・交換,エスカレ済,1,03_問い合わせログ_C_202401.csv,29,0,1
INQ-00370,2024-01-24 09:12,2024-01-24 09:32,OP-02,鈴木,SNS,故障している,製品不具合,解決済,0,03_問い合わせログ_C_202401.csv,20,1,0
INQ-00371,2024-01-13 10:13,2024-01-13 10:24,OP-04,高橋,チャット,到着予定日を確認したい,配送・到着,解決済,0,03_問い合わせログ_C_202401.csv,11,1,0
INQ-00372,2024-01-28 12:15,2024-01-28 12:28,OP-03,佐藤,メール,詳細を確認したい,その他,解決済,0,03_問い合わせログ_C_202401.csv,13,1,0
INQ-00373,2024-01-20 10:39,2024-01-20 11:30,OP-04,高橋,電話,バグがある,製品不具合,対応中,0,03_問い合わせログ_C_202401.csv,51,0,0
INQ-00374,2024-01-13 10:14,2024-01-13 11:26,OP-08,中村,メール,料金が間違っている,請求・支払い,解決済,0,03_問い合わせログ_C_202401.csv,72,1,0
INQ-00375,2024-01-05 16:34,2024-01-05 16:49,OP-03,佐藤,SNS,二重請求があった,請求・支払い,解決済,0,03_問い合わせログ_C_202401.csv,15,1,0
INQ-00376,2024-01-28 13:31,2024-01-28 15:09,OP-05,伊藤,電話,操作方法がわからない,使い方・操作方法,解決済,0,03_問い合わせログ_C_202401.csv,98,1,0
INQ-00377,2024-01-11 11:17,2024-01-11 11:33,OP-04,高橋,電話,一般的な質問,その他,解決済,0,03_問い合わせログ_C_202401.csv,16,1,0
INQ-00378,2024-01-05 09:53,2024-01-05 10:13,OP-07,山本,メール,その他の問い合わせ,その他,対応中,0,03_問い合わせログ_C_202401.csv,20,0,0
INQ-00379,2024-01-11 13:16,2024-01-11 13:44,OP-07,山本,メール,一般的な質問,その他,対応中,0,03_問い合わせログ_C_202401.csv,28,0,0
INQ-00380,2024-01-16 12:32,2024-01-16 12:59,OP-01,田中,電話,詳細を確認したい,その他,解決済,0,03_問い合わせログ_C_202401.csv,27,1,0
INQ-00381,2024-01-12 10:21,2024-01-12 11:08,OP-05,伊藤,SNS,詳細を確認したい,その他,解決済,0,03_問い合わせログ_C_202401.csv,47,1,0
INQ-00382,2024-01-04 09:28,2024-01-04 11:31,OP-08,中村,電話,交換をお願いしたい,返品・交換,解決済,0,03_問い合わせログ_C_202401.csv,123,1,0
INQ-00383,2024-01-05 10:22,2024-01-05 10:35,OP-05,伊藤,電話,不具合が発生した,製品不具合,未解決,0,03_問い合わせログ_C_202401.csv,13,0,0
INQ-00384,2024-01-18 10:15,2024-01-18 11:25,OP-04,高橋,SNS,追跡番号を教えて,配送・到着,解決済,0,03_問い合わせログ_C_202401.csv,70,1,0
INQ-00385,2024-01-12 10:09,2024-01-12 11:16,OP-06,渡辺,電話,exchange request,返品・交換,解決済,0,03_問い合わせログ_C_202401.csv,67,1,0
INQ-00386,2024-01-29 17:36,2024-01-29 19:02,OP-08,中村,メール,支払い方法を変更したい,請求・支払い,解決済,0,03_問い合わせログ_C_202401.csv,86,1,0
INQ-00387,2024-01-31 12:31,2024-01-31 13:14,OP-04,高橋,チャット,課金について質問,請求・支払い,解決済,0,03_問い合わせログ_C_202401.csv,43,1,0
INQ-00388,2024-01-17 16:59,2024-01-17 17:43,OP-01,田中,チャット,詳細を確認したい,その他,解決済,0,03_問い合わせログ_C_202401.csv,44,1,0
INQ-00389,2024-01-26 15:22,2024-01-26 16:09,OP-02,鈴木,メール,荷物が届かない,配送・到着,解決済,0,03_問い合わせログ_C_202401.csv,47,1,0
INQ-00390,2024-01-15 16:55,2024-01-15 17:08,OP-05,伊藤,チャット,バグがある,製品不具合,対応中,0,03_問い合わせログ_C_202401.csv,13,0,0
INQ-00391,2024-01-18 09:55,2024-01-18 10:17,OP-04,高橋,SNS,エラーが出て動かない,製品不具合,エスカレ済,1,03_問い合わせログ_C_202401.csv,22,0,1
INQ-00392,2024-01-11 14:37,2024-01-11 15:10,OP-06,渡辺,SNS,二重請求があった,請求・支払い,解決済,0,03_問い合わせログ_C_202401.csv,33,1,0
INQ-00393,2024-01-20 16:49,2024-01-20 17:25,OP-04,高橋,電話,配送が遅延している,配送・到着,対応中,0,03_問い合わせログ_C_202401.csv,36,0,0
INQ-00394,2024-01-07 13:26,2024-01-07 13:56,OP-06,渡辺,電話,チュートリアルが必要,その他,解決済,0,03_問い合わせログ_C_202401.csv,30,1,0
INQ-00395,2024-01-24 09:33,2024-01-24 09:59,OP-04,高橋,メール,二重請求があった,請求・支払い,解決済,0,03_問い合わせログ_C_202401.csv,26,1,0
INQ-00396,2024-01-31 16:03,2024-01-31 17:12,OP-08,中村,メール,二重請求があった,請求・支払い,解決済,0,03_問い合わせログ_C_202401.csv,69,1,0
INQ-00397,2024-01-25 10:26,2024-01-25 10:56,OP-02,鈴木,SNS,到着予定日を確認したい,配送・到着,未解決,0,03_問い合わせログ_C_202401.csv,30,0,0
INQ-00398,2024-01-05 13:23,2024-01-05 14:17,OP-03,佐藤,SNS,返金してほしい,返品・交換,解決済,0,03_問い合わせログ_C_202401.csv,54,1,0
INQ-00399,2024-01-21 11:24,2024-01-21 12:44,OP-08,中村,チャット,チュートリアルが必要,その他,解決済,0,03_問い合わせログ_C_202401.csv,80,1,0
INQ-00400,2024-01-23 11:39,2024-01-23 11:49,OP-05,伊藤,メール,到着予定日を確認したい,配送・到着,対応中,0,03_問い合わせログ_C_202401.csv,10,0,0
INQ-00401,2024-01-03 13:36,2024-01-03 13:45,OP-07,山本,電話,使い方を教えてほしい,使い方・操作方法,解決済,0,03_問い合わせログ_C_202401.csv,9,1,0
INQ-00402,2024-01-30 14:10,2024-01-30 15:09,OP-02,鈴木,SNS,使い方を教えてほしい,使い方・操作方法,エスカレ済,1,03_問い合わせログ_C_202401.csv,59,0,1
INQ-00403,2024-01-31 16:35,2024-01-31 16:45,OP-03,佐藤,SNS,課金について質問,請求・支払い,対応中,0,03_問い合わせログ_C_202401.csv,10,0,0
INQ-00404,2024-01-02 11:53,2024-01-02 12:18,OP-08,中村,SNS,不具合が発生した,製品不具合,エスカレ済,1,03_問い合わせログ_C_202401.csv,25,0,1
INQ-00405,2024-01-24 14:10,2024-01-24 15:58,OP-03,佐藤,チャット,バグがある,製品不具合,対応中,0,03_問い合わせログ_C_202401.csv,108,0,0
INQ-00406,2024-01-10 15:21,2024-01-10 16:55,OP-07,山本,メール,二重請求があった,請求・支払い,解決済,0,03_問い合わせログ_C_202401.csv,94,1,0
INQ-00407,2024-01-13 12:53,2024-01-13 13:54,OP-05,伊藤,SNS,返品したい,返品・交換,解決済,0,03_問い合わせログ_C_202401.csv,61,1,0
INQ-00408,2024-01-18 14:30,2024-01-18 15:06,OP-04,高橋,メール,操作方法がわからない,使い方・操作方法,解決済,0,03_問い合わせログ_C_202401.csv,36,1,0
INQ-00409,2024-01-11 12:11,2024-01-11 12:29,OP-01,田中,SNS,製品が壊れた,製品不具合,エスカレ済,1,03_問い合わせログ_C_202401.csv,18,0,1
INQ-00410,2024-01-21 15:24,2024-01-21 16:18,OP-04,高橋,電話,使い方を教えてほしい,使い方・操作方法,解決済,0,03_問い合わせログ_C_202401.csv,54,1,0
INQ-00411,2024-01-09 10:49,2024-01-09 11:45,OP-01,田中,電話,how to use,使い方・操作方法,解決済,0,03_問い合わせログ_C_202401.csv,56,1,0
INQ-00412,2024-01-03 10:39,2024-01-03 11:39,OP-04,高橋,電話,エラーが出て動かない,製品不具合,未解決,0,03_問い合わせログ_C_202401.csv,60,0,0
INQ-00413,2024-01-10 09:53,2024-01-10 11:37,OP-04,高橋,チャット,料金が間違っている,請求・支払い,対応中,0,03_問い合わせログ_C_202401.csv,104,0,0
INQ-00414,2024-01-11 10:46,2024-01-11 10:54,OP-04,高橋,メール,設定のやり方,使い方・操作方法,解決済,0,03_問い合わせログ_C_202401.csv,8,1,0
INQ-00415,2024-01-24 11:54,2024-01-24 12:28,OP-04,高橋,チャット,その他,その他,解決済,0,03_問い合わせログ_C_202401.csv,34,1,0
INQ-00416,2024-01-21 16:16,2024-01-21 16:41,OP-03,佐藤,SNS,二重請求があった,請求・支払い,解決済,0,03_問い合わせログ_C_202401.csv,25,1,0
INQ-00417,2024-01-09 11:16,2024-01-09 11:58,OP-06,渡辺,SNS,使い方を教えてほしい,使い方・操作方法,対応中,0,03_問い合わせログ_C_202401.csv,42,0,0
INQ-00418,2024-01-21 15:12,2024-01-21 16:06,OP-07,山本,チャット,キャンセルしたい,返品・交換,解決済,0,03_問い合わせログ_C_202401.csv,54,1,0
INQ-00419,2024-01-17 15:46,2024-01-17 15:51,OP-08,中村,メール,バグがある,製品不具合,解決済,0,03_問い合わせログ_C_202401.csv,5,1,0
INQ-00420,2024-01-30 15:15,2024-01-30 15:47,OP-08,中村,SNS,エラーが出て動かない,製品不具合,エスカレ済,1,03_問い合わせログ_C_202401.csv,32,0,1
INQ-00421,2024-01-02 11:43,2024-01-02 12:21,OP-03,佐藤,チャット,その他,その他,解決済,0,03_問い合わせログ_C_202401.csv,38,1,0
INQ-00422,2024-01-31 12:41,2024-01-31 13:29,OP-08,中村,電話,製品が壊れた,製品不具合,エスカレ済,1,03_問い合わせログ_C_202401.csv,48,0,1
INQ-00423,2024-01-17 12:42,2024-01-17 13:54,OP-01,田中,電話,操作方法がわからない,使い方・操作方法,解決済,0,03_問い合わせログ_C_202401.csv,72,1,0
INQ-00424,2024-01-28 12:26,2024-01-28 13:29,OP-04,高橋,チャット,交換をお願いしたい,返品・交換,解決済,0,03_問い合わせログ_C_202401.csv,63,1,0
INQ-00425,2024-01-27 16:19,2024-01-27 17:31,OP-04,高橋,電話,製品が壊れた,製品不具合,エスカレ済,1,03_問い合わせログ_C_202401.csv,72,0,1
INQ-00426,2024-01-10 15:29,2024-01-10 16:04,OP-04,高橋,メール,到着予定日を確認したい,配送・到着,対応中,0,03_問い合わせログ_C_202401.csv,35,0,0
INQ-00427,2024-01-26 12:48,2024-01-26 13:09,OP-06,渡辺,SNS,エラーが出て動かない,製品不具合,未解決,0,03_問い合わせログ_C_202401.csv,21,0,0
INQ-00428,2024-01-08 17:55,2024-01-08 18:10,OP-05,伊藤,SNS,設定のやり方,使い方・操作方法,解決済,0,03_問い合わせログ_C_202401.csv,15,1,0
INQ-00429,2024-01-30 17:01,2024-01-30 17:29,OP-06,渡辺,チャット,how to use,使い方・操作方法,対応中,0,03_問い合わせログ_C_202401.csv,28,0,0
INQ-00430,2024-01-24 11:45,2024-01-24 15:39,OP-04,高橋,電話,製品が壊れた,製品不具合,未解決,0,03_問い合わせログ_C_202401.csv,234,0,0
INQ-00431,2024-01-20 13:41,2024-01-20 14:18,OP-07,山本,メール,バグがある,製品不具合,解決済,0,03_問い合わせログ_C_202401.csv,37,1,0
INQ-00432,2024-01-08 14:17,2024-01-08 14:53,OP-04,高橋,チャット,不具合が発生した,製品不具合,解決済,0,03_問い合わせログ_C_202401.csv,36,1,0
INQ-00433,2024-01-15 14:21,2024-01-15 16:06,OP-08,中村,チャット,不具合が発生した,製品不具合,解決済,0,03_問い合わせログ_C_202401.csv,105,1,0
INQ-00434,2024-01-13 14:48,2024-01-13 16:09,OP-08,中村,電話,二重請求があった,請求・支払い,解決済,0,03_問い合わせログ_C_202401.csv,81,1,0
INQ-00435,2024-01-18 10:21,2024-01-18 10:35,OP-01,田中,SNS,使い方を教えてほしい,使い方・操作方法,解決済,0,03_問い合わせログ_C_202401.csv,14,1,0
INQ-00436,2024-01-01 13:47,2024-01-01 15:32,OP-02,鈴木,電話,支払い方法を変更したい,請求・支払い,対応中,0,03_問い合わせログ_C_202401.csv,105,0,0
INQ-00437,2024-01-08 10:41,2024-01-08 10:54,OP-06,渡辺,SNS,不具合が発生した,製品不具合,解決済,0,03_問い合わせログ_C_202401.csv,13,1,0
INQ-00438,2024-01-25 10:23,2024-01-25 10:32,OP-01,田中,SNS,荷物が届かない,配送・到着,解決済,0,03_問い合わせログ_C_202401.csv,9,1,0
INQ-00439,2024-01-09 10:56,2024-01-09 12:31,OP-05,伊藤,チャット,二重請求があった,請求・支払い,解決済,0,03_問い合わせログ_C_202401.csv,95,1,0
INQ-00440,2024-01-05 12:37,2024-01-05 12:57,OP-03,佐藤,電話,課金について質問,請求・支払い,解決済,0,03_問い合わせログ_C_202401.csv,20,1,0
INQ-00441,2024-01-09 17:37,2024-01-09 18:06,OP-04,高橋,チャット,操作方法がわからない,使い方・操作方法,解決済,0,03_問い合わせログ_C_202401.csv,29,1,0
INQ-00442,2024-01-03 14:47,2024-01-03 15:21,OP-07,山本,SNS,キャンセルしたい,返品・交換,解決済,0,03_問い合わせログ_C_202401.csv,34,1,0
INQ-00443,2024-01-15 16:13,2024-01-15 16:23,OP-04,高橋,電話,操作方法がわからない,使い方・操作方法,解決済,0,03_問い合わせログ_C_202401.csv,10,1,0
INQ-00444,2024-01-21 15:49,2024-01-21 16:44,OP-02,鈴木,SNS,荷物が届かない,配送・到着,解決済,0,03_問い合わせログ_C_202401.csv,55,1,0
INQ-00445,2024-01-05 12:30,2024-01-05 13:03,OP-01,田中,電話,使い方を教えてほしい,使い方・操作方法,解決済,0,03_問い合わせログ_C_202401.csv,33,1,0
INQ-00446,2024-01-18 11:41,2024-01-18 12:19,OP-06,渡辺,電話,how to use,使い方・操作方法,解決済,0,03_問い合わせログ_C_202401.csv,38,1,0
INQ-00447,2024-01-01 17:01,2024-01-01 17:32,OP-04,高橋,SNS,返品したい,返品・交換,解決済,0,03_問い合わせログ_C_202401.csv,31,1,0
INQ-00448,2024-01-31 09:05,2024-01-31 09:54,OP-05,伊藤,電話,製品が壊れた,製品不具合,エスカレ済,1,03_問い合わせログ_C_202401.csv,49,0,1
INQ-00449,2024-01-04 17:19,2024-01-04 18:40,OP-01,田中,メール,料金が間違っている,請求・支払い,エスカレ済,1,03_問い合わせログ_C_202401.csv,81,0,1
INQ-00450,2024-01-10 10:25,2024-01-10 11:18,OP-02,鈴木,メール,到着予定日を確認したい,配送・到着,解決済,0,03_問い合わせログ_C_202401.csv,53,1,0
INQ-00451,2024-01-12 15:45,2024-01-12 16:43,OP-06,渡辺,メール,how to use,使い方・操作方法,解決済,0,03_問い合わせログ_C_202401.csv,58,1,0
INQ-00452,2024-01-11 15:49,2024-01-11 16:06,OP-06,渡辺,SNS,返品したい,返品・交換,解決済,0,03_問い合わせログ_C_202401.csv,17,1,0
INQ-00453,2024-01-30 12:23,2024-01-30 14:11,OP-06,渡辺,SNS,製品が壊れた,製品不具合,対応中,0,03_問い合わせログ_C_202401.csv,108,0,0
INQ-00454,2024-01-10 15:48,2024-01-10 16:01,OP-01,田中,SNS,詳細を確認したい,その他,解決済,0,03_問い合わせログ_C_202401.csv,13,1,0
INQ-00455,2024-01-07 17:16,2024-01-07 17:51,OP-07,山本,SNS,設定のやり方,使い方・操作方法,解決済,0,03_問い合わせログ_C_202401.csv,35,1,0
INQ-00456,2024-01-05 17:05,2024-01-05 17:29,OP-05,伊藤,電話,二重請求があった,請求・支払い,対応中,0,03_問い合わせログ_C_202401.csv,24,0,0
INQ-00457,2024-01-10 13:16,2024-01-10 14:03,OP-07,山本,メール,支払い方法を変更したい,請求・支払い,対応中,0,03_問い合わせログ_C_202401.csv,47,0,0
INQ-00458,2024-01-03 11:00,2024-01-03 11:18,OP-06,渡辺,電話,追跡番号を教えて,配送・到着,解決済,0,03_問い合わせログ_C_202401.csv,18,1,0
INQ-00459,2024-01-27 15:05,2024-01-27 15:31,OP-06,渡辺,電話,サービスについて,その他,対応中,0,03_問い合わせログ_C_202401.csv,26,0,0
INQ-00460,2024-01-02 15:49,2024-01-02 16:19,OP-07,山本,SNS,支払い方法を変更したい,請求・支払い,解決済,0,03_問い合わせログ_C_202401.csv,30,1,0
INQ-00461,2024-01-01 10:03,2024-01-01 10:19,OP-06,渡辺,チャット,請求書の確認,請求・支払い,解決済,0,03_問い合わせログ_C_202401.csv,16,1,0
INQ-00462,2024-01-27 13:32,2024-01-27 13:51,OP-05,伊藤,電話,返品したい,返品・交換,解決済,0,03_問い合わせログ_C_202401.csv,19,1,0
INQ-00463,2024-01-02 09:25,2024-01-02 10:57,OP-04,高橋,メール,配送業者に問い合わせたい,配送・到着,解決済,0,03_問い合わせログ_C_202401.csv,92,1,0
INQ-00464,2024-01-13 14:15,2024-01-13 14:49,OP-03,佐藤,チャット,配送が遅延している,配送・到着,解決済,0,03_問い合わせログ_C_202401.csv,34,1,0
INQ-00465,2024-01-07 13:32,2024-01-07 15:42,OP-03,佐藤,SNS,使い方を教えてほしい,使い方・操作方法,解決済,0,03_問い合わせログ_C_202401.csv,130,1,0
INQ-00466,2024-01-24 11:22,2024-01-24 11:28,OP-06,渡辺,メール,製品が壊れた,製品不具合,解決済,0,03_問い合わせログ_C_202401.csv,6,1,0
INQ-00467,2024-01-20 10:38,2024-01-20 11:35,OP-04,高橋,メール,到着予定日を確認したい,配送・到着,解決済,0,03_問い合わせログ_C_202401.csv,57,1,0
INQ-00468,2024-01-24 15:05,2024-01-24 15:29,OP-06,渡辺,SNS,不具合が発生した,製品不具合,エスカレ済,1,03_問い合わせログ_C_202401.csv,24,0,1
INQ-00469,2024-01-06 10:02,2024-01-06 10:40,OP-08,中村,メール,キャンセルしたい,返品・交換,解決済,0,03_問い合わせログ_C_202401.csv,38,1,0
INQ-00470,2024-01-26 15:59,2024-01-26 16:40,OP-04,高橋,メール,バグがある,製品不具合,解決済,0,03_問い合わせログ_C_202401.csv,41,1,0
INQ-00471,2024-01-31 14:10,2024-01-31 14:46,OP-05,伊藤,SNS,詳細を確認したい,その他,解決済,0,03_問い合わせログ_C_202401.csv,36,1,0
INQ-00472,2024-01-14 10:52,2024-01-14 12:39,OP-06,渡辺,SNS,その他の問い合わせ,その他,解決済,0,03_問い合わせログ_C_202401.csv,107,1,0
INQ-00473,2024-01-30 16:27,2024-01-30 16:39,OP-04,高橋,メール,バグがある,製品不具合,対応中,0,03_問い合わせログ_C_202401.csv,12,0,0
INQ-00474,2024-01-06 13:39,2024-01-06 14:06,OP-01,田中,SNS,配送業者に問い合わせたい,配送・到着,エスカレ済,1,03_問い合わせログ_C_202401.csv,27,0,1
INQ-00475,2024-01-08 15:00,2024-01-08 15:16,OP-08,中村,電話,その他の問い合わせ,その他,対応中,0,03_問い合わせログ_C_202401.csv,16,0,0
INQ-00476,2024-01-18 12:49,2024-01-18 15:08,OP-08,中村,チャット,返金してほしい,返品・交換,解決済,0,03_問い合わせログ_C_202401.csv,139,1,0
INQ-00477,2024-01-15 09:31,2024-01-15 09:44,OP-07,山本,電話,エラーが出て動かない,製品不具合,未解決,0,03_問い合わせログ_C_202401.csv,13,0,0
INQ-00478,2024-01-02 12:29,2024-01-02 12:59,OP-08,中村,SNS,バグがある,製品不具合,対応中,0,03_問い合わせログ_C_202401.csv,30,0,0
INQ-00479,2024-01-09 12:15,2024-01-09 12:24,OP-02,鈴木,メール,設定のやり方,使い方・操作方法,解決済,0,03_問い合わせログ_C_202401.csv,9,1,0
INQ-00480,2024-01-24 12:33,2024-01-24 13:10,OP-03,佐藤,電話,追跡番号を教えて,配送・到着,解決済,0,03_問い合わせログ_C_202401.csv,37,1,0
INQ-00481,2024-01-24 11:07,2024-01-24 11:18,OP-06,渡辺,SNS,how to use,使い方・操作方法,未解決,0,03_問い合わせログ_C_202401.csv,11,0,0
INQ-00482,2024-01-17 13:33,2024-01-17 13:50,OP-05,伊藤,メール,請求書の確認,請求・支払い,解決済,0,03_問い合わせログ_C_202401.csv,17,1,0
INQ-00483,2024-01-27 09:21,2024-01-27 09:32,OP-08,中村,メール,不具合が発生した,製品不具合,未解決,0,03_問い合わせログ_C_202401.csv,11,0,0
INQ-00484,2024-01-01 14:53,2024-01-01 15:37,OP-08,中村,SNS,製品が壊れた,製品不具合,解決済,0,03_問い合わせログ_C_202401.csv,44,1,0
INQ-00485,2024-01-25 10:50,2024-01-25 12:42,OP-02,鈴木,メール,一般的な質問,その他,対応中,0,03_問い合わせログ_C_202401.csv,112,0,0
INQ-00486,2024-01-28 16:28,2024-01-28 16:54,OP-08,中村,SNS,故障している,製品不具合,未解決,0,03_問い合わせログ_C_202401.csv,26,0,0
INQ-00487,2024-01-15 09:20,2024-01-15 11:58,OP-08,中村,SNS,製品が壊れた,製品不具合,未解決,0,03_問い合わせログ_C_202401.csv,158,0,0
INQ-00488,2024-01-07 13:11,2024-01-07 13:26,OP-01,田中,電話,故障している,製品不具合,エスカレ済,1,03_問い合わせログ_C_202401.csv,15,0,1
INQ-00489,2024-01-01 10:53,2024-01-01 11:04,OP-02,鈴木,メール,料金が間違っている,請求・支払い,解決済,0,03_問い合わせログ_C_202401.csv,11,1,0
INQ-00490,2024-01-04 09:25,2024-01-04 10:11,OP-03,佐藤,チャット,その他の問い合わせ,その他,解決済,0,03_問い合わせログ_C_202401.csv,46,1,0
INQ-00491,2024-01-03 10:39,2024-01-03 10:58,OP-04,高橋,メール,how to use,使い方・操作方法,解決済,0,03_問い合わせログ_C_202401.csv,19,1,0
INQ-00492,2024-01-27 12:21,2024-01-27 12:37,OP-07,山本,メール,課金について質問,請求・支払い,解決済,0,03_問い合わせログ_C_202401.csv,16,1,0
INQ-00493,2024-01-17 12:20,2024-01-17 13:27,OP-07,山本,メール,不具合が発生した,製品不具合,解決済,0,03_問い合わせログ_C_202401.csv,67,1,0
INQ-00494,2024-01-09 12:12,2024-01-09 12:40,OP-02,鈴木,メール,製品が壊れた,製品不具合,未解決,0,03_問い合わせログ_C_202401.csv,28,0,0
INQ-00495,2024-01-02 17:41,2024-01-02 17:51,OP-08,中村,SNS,エラーが出て動かない,製品不具合,解決済,0,03_問い合わせログ_C_202401.csv,10,1,0
INQ-00496,2024-01-04 09:06,2024-01-04 09:11,OP-07,山本,電話,設定のやり方,使い方・操作方法,解決済,0,03_問い合わせログ_C_202401.csv,5,1,0
INQ-00497,2024-01-13 10:11,2024-01-13 10:42,OP-03,佐藤,チャット,不具合が発生した,製品不具合,エスカレ済,1,03_問い合わせログ_C_202401.csv,31,0,1
INQ-00498,2024-01-27 09:49,2024-01-27 10:35,OP-02,鈴木,チャット,その他,その他,解決済,0,03_問い合わせログ_C_202401.csv,46,1,0
INQ-00499,2024-01-05 17:26,2024-01-05 18:16,OP-02,鈴木,メール,料金が間違っている,請求・支払い,解決済,0,03_問い合わせログ_C_202401.csv,50,1,0
INQ-00500,2024-01-02 09:19,2024-01-02 09:39,OP-03,佐藤,SNS,how to use,使い方・操作方法,解決済,0,03_問い合わせログ_C_202401.csv,20,1,0
